Existing generator,Technology type,Region,Sub-region,REZ location,Status,Regional build cost zone,Fuel type,Fuel cost mapping,Summer rating (MW),Winter rating (MW),Forced outage rate_Full outage (% of time)_Until 2022,Forced outage rate_Full outage (% of time)_Post 2022,Forced outage rate_Partial outage (% of time)_Until 2022,Forced outage rate_Partial outage (% of time)_Post 2022,Mean time to repair_Full outage_Until 2022,Mean time to repair_Full outage_Post 2022,Mean time to repair_Partial outage_Until 2022,Mean time to repair_Partial outage_Post 2022,Maintenance duration (%),Minimum load (MW),Maximum capacity factor (%),FOM ($/kW/annum),VOM ($/MWh sent-out),Heat rate,MLF,Auxiliary load (%)
Bayswater,Steam Sub Critical,NSW,CNSW,,Existing,,Black Coal,Bayswater,Bayswater,Bayswater,Black Coal NSW,Black Coal NSW,Black Coal NSW,Black Coal NSW,Black Coal NSW,Black Coal NSW,Black Coal NSW,Black Coal NSW,Black Coal,BW01,NSW Coal,Bayswater,Bayswater,Bayswater,Bayswater,Black Coal NSW
Eraring,Steam Sub Critical,NSW,SNW,,Existing,,Black Coal,Eraring,Eraring,Eraring,Black Coal NSW,Black Coal NSW,Black Coal NSW,Black Coal NSW,Black Coal NSW,Black Coal NSW,Black Coal NSW,Black Coal NSW,Black Coal,ER01,NSW Coal,Eraring,Eraring,Eraring,Eraring,Black Coal NSW
Mt Piper,Steam Sub Critical,NSW,CNSW,,Existing,,Black Coal,Mt Piper,Mt Piper,Mt Piper,Black Coal NSW,Black Coal NSW,Black Coal NSW,Black Coal NSW,Black Coal NSW,Black Coal NSW,Black Coal NSW,Black Coal NSW,Black Coal,MP1,NSW Coal,Mt Piper,Mt Piper,Mt Piper,Mt Piper,Black Coal NSW
Vales Point B,Steam Sub Critical,NSW,SNW,,Existing,,Black Coal,Vales Point B,Vales Point B,Vales Point B,Black Coal NSW,Black Coal NSW,Black Coal NSW,Black Coal NSW,Black Coal NSW,Black Coal NSW,Black Coal NSW,Black Coal NSW,Black Coal,VP5,NSW Coal,Vales Point B,Vales Point B,Vales Point B,Vales Point B,Black Coal NSW
Callide B,Steam Sub Critical,QLD,CQ,,Existing,,Black Coal,Callide B,Callide B,Callide B,Black Coal QLD,Black Coal QLD,Black Coal QLD,Black Coal QLD,Black Coal QLD,Black Coal QLD,Black Coal QLD,Black Coal QLD,Black Coal,CALL_B_1,,Callide B,Callide B,Callide B,Callide B,Black Coal QLD
Callide C,Steam Super Critical,QLD,CQ,,Existing,,Black Coal,Callide C,Callide C,Callide C,Black Coal QLD,Black Coal QLD,Black Coal QLD,Black Coal QLD,Black Coal QLD,Black Coal QLD,Black Coal QLD,Black Coal QLD,Black Coal,CPP_3,,Callide C,Callide C,Callide C,Callide C,Black Coal QLD
Gladstone,Steam Sub Critical,QLD,GG,,Existing,,Black Coal,Gladstone,Gladstone,Gladstone,Black Coal QLD,Black Coal QLD,Black Coal QLD,Black Coal QLD,Black Coal QLD,Black Coal QLD,Black Coal QLD,Black Coal QLD,Black Coal,GSTONE1,,Gladstone,Gladstone,Gladstone,Gladstone,Black Coal QLD
Kogan Creek,Steam Super Critical,QLD,SQ,,Existing,,Black Coal,Kogan Creek,Kogan Creek,Kogan Creek,Black Coal QLD,Black Coal QLD,Black Coal QLD,Black Coal QLD,Black Coal QLD,Black Coal QLD,Black Coal QLD,Black Coal QLD,Black Coal,KPP_1,,Kogan Creek,Kogan Creek,Kogan Creek,Kogan Creek,Black Coal QLD
Millmerran,Steam Super Critical,QLD,SQ,,Existing,,Black Coal,Millmerran,Millmerran,Millmerran,Black Coal QLD,Black Coal QLD,Black Coal QLD,Black Coal QLD,Black Coal QLD,Black Coal QLD,Black Coal QLD,Black Coal QLD,Black Coal,MPP_1,,Millmerran,Millmerran,Millmerran,Millmerran,Black Coal QLD
Stanwell,Steam Sub Critical,QLD,CQ,,Existing,,Black Coal,Stanwell,Stanwell,Stanwell,Black Coal QLD,Black Coal QLD,Black Coal QLD,Black Coal QLD,Black Coal QLD,Black Coal QLD,Black Coal QLD,Black Coal QLD,Black Coal,STAN-1,,Stanwell,Stanwell,Stanwell,Stanwell,Black Coal QLD
Tarong,Steam Sub Critical,QLD,SQ,,Existing,,Black Coal,Tarong,Tarong,Tarong,Black Coal QLD,Black Coal QLD,Black Coal QLD,Black Coal QLD,Black Coal QLD,Black Coal QLD,Black Coal QLD,Black Coal QLD,Black Coal,TARONG#1,,Tarong,Tarong,Tarong,Tarong,Black Coal QLD
Tarong North,Steam Super Critical,QLD,SQ,,Existing,,Black Coal,Tarong North,Tarong North,Tarong North,Black Coal QLD,Black Coal QLD,Black Coal QLD,Black Coal QLD,Black Coal QLD,Black Coal QLD,Black Coal QLD,Black Coal QLD,Black Coal,TNPS1,,Tarong North,Tarong North,Tarong North,Tarong North,Black Coal QLD
Loy Yang A Power Station,Steam Sub Critical,VIC,VIC,,Existing,,Brown Coal,Loy Yang A,Loy Yang A Power Station,Loy Yang A Power Station,Brown Coal,Brown Coal,Brown Coal,Brown Coal,Brown Coal,Brown Coal,Brown Coal,Brown Coal,Brown Coal,LYA1,,Loy Yang A Power Station,Loy Yang A Power Station,Loy Yang A Power Station,Loy Yang A Power Station,Brown Coal VIC
Loy Yang B,Steam Sub Critical,VIC,VIC,,Existing,,Brown Coal,Loy Yang B,Loy Yang B,Loy Yang B,Brown Coal,Brown Coal,Brown Coal,Brown Coal,Brown Coal,Brown Coal,Brown Coal,Brown Coal,Brown Coal,LOYYB1,,Loy Yang B,Loy Yang B,Loy Yang B,Loy Yang B,Brown Coal VIC
Yallourn W,Steam Sub Critical,VIC,VIC,,Existing,,Brown Coal,Yallourn W,Yallourn W,Yallourn W,Brown Coal,Brown Coal,Brown Coal,Brown Coal,Brown Coal,Brown Coal,Brown Coal,Brown Coal,Brown Coal,YWPS1,,Yallourn W,Yallourn W,Yallourn W,Yallourn W,Brown Coal VIC
Tallawarra,CCGT,NSW,SNW,,Existing,,Gas,Tallawarra,Tallawarra,Tallawarra,Steam Turbine & CCGT,Steam Turbine & CCGT,Steam Turbine & CCGT,Steam Turbine & CCGT,Steam Turbine & CCGT,Steam Turbine & CCGT,Steam Turbine & CCGT,Steam Turbine & CCGT,CCGT,,,Tallawarra,Tallawarra,Tallawarra,Tallawarra,CCGT
Condamine A,CCGT,QLD,SQ,,Existing,,Gas,Condamine A,Condamine A,Condamine A,Steam Turbine & CCGT,Steam Turbine & CCGT,Steam Turbine & CCGT,Steam Turbine & CCGT,Steam Turbine & CCGT,Steam Turbine & CCGT,Steam Turbine & CCGT,Steam Turbine & CCGT,CCGT,,,Condamine A,Condamine A,Condamine A,Condamine A,CCGT
Darling Downs,CCGT,QLD,SQ,,Existing,,Gas,Darling Downs,Darling Downs,Darling Downs,Steam Turbine & CCGT,Steam Turbine & CCGT,Steam Turbine & CCGT,Steam Turbine & CCGT,Steam Turbine & CCGT,Steam Turbine & CCGT,Steam Turbine & CCGT,Steam Turbine & CCGT,CCGT,,,Darling Downs,Darling Downs,Darling Downs,Darling Downs,CCGT
Swanbank E GT,CCGT,QLD,SQ,,Existing,,Gas,Swanbank E GT,Swanbank E GT,Swanbank E GT,Steam Turbine & CCGT,Steam Turbine & CCGT,Steam Turbine & CCGT,Steam Turbine & CCGT,Steam Turbine & CCGT,Steam Turbine & CCGT,Steam Turbine & CCGT,Steam Turbine & CCGT,CCGT,,,Swanbank E GT,Swanbank E GT,Swanbank E GT,Swanbank E GT,CCGT
Townsville Power Station,CCGT,QLD,NQ,,Existing,,Gas,Townsville Power Station,Townsville Power Station,Townsville Power Station,Steam Turbine & CCGT,Steam Turbine & CCGT,Steam Turbine & CCGT,Steam Turbine & CCGT,Steam Turbine & CCGT,Steam Turbine & CCGT,Steam Turbine & CCGT,Steam Turbine & CCGT,CCGT,,,Townsville Power Station,Townsville Power Station,Townsville Power Station,Townsville Power Station,CCGT
Yarwun Cogen,CCGT,QLD,GG,,Existing,,Gas,Yarwun Cogen,Yarwun Cogen,Yarwun Cogen,Steam Turbine & CCGT,Steam Turbine & CCGT,Steam Turbine & CCGT,Steam Turbine & CCGT,Steam Turbine & CCGT,Steam Turbine & CCGT,Steam Turbine & CCGT,Steam Turbine & CCGT,CCGT,,,Yarwun Cogen,Yarwun Cogen,Yarwun Cogen,Yarwun Cogen,CCGT
Osborne,CCGT,SA,CSA,,Existing,,Gas,Osborne,Osborne,Osborne,Steam Turbine & CCGT,Steam Turbine & CCGT,Steam Turbine & CCGT,Steam Turbine & CCGT,Steam Turbine & CCGT,Steam Turbine & CCGT,Steam Turbine & CCGT,Steam Turbine & CCGT,CCGT,,,Osborne,Osborne,Osborne,Osborne,CCGT
Pelican Point,CCGT,SA,CSA,,Existing,,Gas,Pelican Point,Pelican Point,Pelican Point,Steam Turbine & CCGT,Steam Turbine & CCGT,Steam Turbine & CCGT,Steam Turbine & CCGT,Steam Turbine & CCGT,Steam Turbine & CCGT,Steam Turbine & CCGT,Steam Turbine & CCGT,CCGT,,,Pelican Point,Pelican Point,Pelican Point,Pelican Point,CCGT
Tamar Valley Combined Cycle,CCGT,TAS,TAS,,Existing,,Gas,Tamar Valley Combined Cycle,Tamar Valley Combined Cycle,Tamar Valley Combined Cycle,Steam Turbine & CCGT,Steam Turbine & CCGT,Steam Turbine & CCGT,Steam Turbine & CCGT,Steam Turbine & CCGT,Steam Turbine & CCGT,Steam Turbine & CCGT,Steam Turbine & CCGT,CCGT,,,Tamar Valley Combined Cycle,Tamar Valley Combined Cycle,Tamar Valley Combined Cycle,Tamar Valley Combined Cycle,CCGT
Colongra,OCGT,NSW,SNW,,Existing,,Gas,Colongra,Colongra,Colongra,OCGT Small,OCGT Small,OCGT Small,OCGT Small,OCGT Small,OCGT Small,OCGT Small,OCGT Small,OCGT,,,Colongra,Colongra,Colongra,Colongra,OCGT
Smithfield Energy Facility,OCGT,NSW,SNW,,Existing,,Gas,Smithfield Energy Facility,Smithfield Energy Facility,Smithfield Energy Facility,OCGT Small,OCGT Small,OCGT Small,OCGT Small,OCGT Small,OCGT Small,OCGT Small,OCGT Small,OCGT,,,Smithfield Energy Facility,Smithfield Energy Facility,Smithfield Energy Facility,Smithfield Energy Facility,OCGT
Uranquinty,OCGT,NSW,SNSW,,Existing,,Gas,Uranquinty,Uranquinty,Uranquinty,OCGT,OCGT,OCGT,OCGT,OCGT,OCGT,OCGT,OCGT,OCGT,,,Uranquinty,Uranquinty,Uranquinty,Uranquinty,OCGT
Barcaldine Power Station,OCGT,QLD,CQ,,Existing,,Gas,Barcaldine Power Station,Barcaldine Power Station,Barcaldine Power Station,OCGT Small,OCGT Small,OCGT Small,OCGT Small,OCGT Small,OCGT Small,OCGT Small,OCGT Small,OCGT,,,Barcaldine Power Station,Barcaldine Power Station,Barcaldine Power Station,Barcaldine Power Station,OCGT
Braemar,OCGT,QLD,SQ,,Existing,,Gas,Braemar,Braemar,Braemar,OCGT,OCGT,OCGT,OCGT,OCGT,OCGT,OCGT,OCGT,OCGT,,,Braemar,Braemar,Braemar,Braemar,OCGT
Braemar 2 Power Station,OCGT,QLD,SQ,,Existing,,Gas,Braemar 2 Power Station,Braemar 2 Power Station,Braemar 2 Power Station,OCGT,OCGT,OCGT,OCGT,OCGT,OCGT,OCGT,OCGT,OCGT,,,Braemar 2 Power Station,Braemar 2 Power Station,Braemar 2 Power Station,Braemar 2 Power Station,OCGT
Mt Stuart,OCGT,QLD,NQ,,Existing,,Liquid Fuel,Liquid Fuel,Mt Stuart,Mt Stuart,OCGT Small,OCGT Small,OCGT Small,OCGT Small,OCGT Small,OCGT Small,OCGT Small,OCGT Small,OCGT,,,Mt Stuart,Mt Stuart,Mt Stuart,Mt Stuart,Liquid Fuel
Oakey Power Station,OCGT,QLD,SQ,,Existing,,Gas,Oakey Power Station,Oakey Power Station,Oakey Power Station,OCGT,OCGT,OCGT,OCGT,OCGT,OCGT,OCGT,OCGT,OCGT,,,Oakey Power Station,Oakey Power Station,Oakey Power Station,Oakey Power Station,OCGT
Roma,OCGT,QLD,SQ,,Existing,,Gas,Roma,Roma,Roma,OCGT Small,OCGT Small,OCGT Small,OCGT Small,OCGT Small,OCGT Small,OCGT Small,OCGT Small,OCGT,,,Roma,Roma,Roma,Roma,OCGT
Bolivar Power Station,OCGT,SA,CSA,,Existing,,Gas,Bolivar Power Station,Bolivar Power Station,Bolivar Power Station,OCGT,OCGT,OCGT,OCGT,OCGT,OCGT,OCGT,OCGT,OCGT,,,Bolivar Power Station,Bolivar Power Station,Bolivar Power Station,Bolivar Power Station,OCGT
Dry Creek GT,OCGT,SA,CSA,,Existing,,Gas,Dry Creek GT,Dry Creek GT,Dry Creek GT,OCGT Small,OCGT Small,OCGT Small,OCGT Small,OCGT Small,OCGT Small,OCGT Small,OCGT Small,OCGT,,,Dry Creek GT,Dry Creek GT,Dry Creek GT,Dry Creek GT,OCGT
Hallett GT,OCGT,SA,CSA,,Existing,,Gas,Hallett GT,Hallett GT,Hallett GT,OCGT Small,OCGT Small,OCGT Small,OCGT Small,OCGT Small,OCGT Small,OCGT Small,OCGT Small,OCGT,,,Hallett GT,Hallett GT,Hallett GT,Hallett GT,OCGT
Ladbroke Grove,OCGT,SA,SESA,,Existing,,Gas,Ladbroke Grove,Ladbroke Grove,Ladbroke Grove,OCGT Small,OCGT Small,OCGT Small,OCGT Small,OCGT Small,OCGT Small,OCGT Small,OCGT Small,OCGT,,,Ladbroke Grove,Ladbroke Grove,Ladbroke Grove,Ladbroke Grove,OCGT
Mintaro GT,OCGT,SA,CSA,,Existing,,Gas,Mintaro GT,Mintaro GT,Mintaro GT,OCGT Small,OCGT Small,OCGT Small,OCGT Small,OCGT Small,OCGT Small,OCGT Small,OCGT Small,OCGT,,,Mintaro GT,Mintaro GT,Mintaro GT,Mintaro GT,OCGT
Port Lincoln GT,OCGT,SA,CSA,,Existing,,Liquid Fuel,Liquid Fuel,Port Lincoln Gt,Port Lincoln Gt,OCGT Small,OCGT Small,OCGT Small,OCGT Small,OCGT Small,OCGT Small,OCGT Small,OCGT Small,OCGT,,,Port Lincoln GT,Port Lincoln GT,Port Lincoln GT,Port Lincoln GT,Liquid Fuel
Quarantine,OCGT,SA,CSA,,Existing,,Gas,Quarantine,Quarantine,Quarantine,OCGT Small,OCGT Small,OCGT Small,OCGT Small,OCGT Small,OCGT Small,OCGT Small,OCGT Small,OCGT,,,Quarantine,Quarantine,Quarantine,Quarantine,OCGT
Snapper Point Power Station,OCGT,SA,CSA,,Existing,,Gas,SA new OCGT,Snapper Point Power Station,Snapper Point Power Station,OCGT,OCGT,OCGT,OCGT,OCGT,OCGT,OCGT,OCGT,OCGT,,,Snapper Point Power Station,Snapper Point Power Station,Snapper Point Power Station,Snapper Point Power Station,OCGT
Snuggery,OCGT,SA,SESA,,Existing,,Liquid Fuel,Liquid Fuel,Snuggery,Snuggery,OCGT Small,OCGT Small,OCGT Small,OCGT Small,OCGT Small,OCGT Small,OCGT Small,OCGT Small,OCGT,,,Snuggery,Snuggery,Snuggery,Snuggery,Liquid Fuel
Bell Bay Three,OCGT,TAS,TAS,,Existing,,Gas,Bell Bay Three,Bell Bay Three,Bell Bay Three,OCGT,OCGT,OCGT,OCGT,OCGT,OCGT,OCGT,OCGT,OCGT,,,Bell Bay Three,Bell Bay Three,Bell Bay Three,Bell Bay Three,OCGT
Tamar Valley Peaking,OCGT,TAS,TAS,,Existing,,Gas,Tamar Valley Peaking,Tamar Valley Peaking,Tamar Valley Peaking,OCGT,OCGT,OCGT,OCGT,OCGT,OCGT,OCGT,OCGT,OCGT,,,Tamar Valley Peaking,Tamar Valley Peaking,Tamar Valley Peaking,Tamar Valley Peaking,OCGT
Bairnsdale,OCGT,VIC,VIC,,Existing,,Gas,Bairnsdale,Bairnsdale,Bairnsdale,OCGT Small,OCGT Small,OCGT Small,OCGT Small,OCGT Small,OCGT Small,OCGT Small,OCGT Small,OCGT,,,Bairnsdale,Bairnsdale,Bairnsdale,Bairnsdale,OCGT
Jeeralang A,OCGT,VIC,VIC,,Existing,,Gas,Jeeralang A,Jeeralang A,Jeeralang A,OCGT Small,OCGT Small,OCGT Small,OCGT Small,OCGT Small,OCGT Small,OCGT Small,OCGT Small,OCGT,,,Jeeralang A,Jeeralang A,Jeeralang A,Jeeralang A,OCGT
Jeeralang B,OCGT,VIC,VIC,,Existing,,Gas,Jeeralang B,Jeeralang B,Jeeralang B,OCGT Small,OCGT Small,OCGT Small,OCGT Small,OCGT Small,OCGT Small,OCGT Small,OCGT Small,OCGT,,,Jeeralang B,Jeeralang B,Jeeralang B,Jeeralang B,OCGT
Laverton North,OCGT,VIC,VIC,,Existing,,Gas,Laverton North,Laverton North,Laverton North,OCGT,OCGT,OCGT,OCGT,OCGT,OCGT,OCGT,OCGT,OCGT,,,Laverton North,Laverton North,Laverton North,Laverton North,OCGT
Mortlake,OCGT,VIC,VIC,,Existing,,Gas,Mortlake,Mortlake,Mortlake,OCGT,OCGT,OCGT,OCGT,OCGT,OCGT,OCGT,OCGT,OCGT,,,Mortlake,Mortlake,Mortlake,Mortlake,OCGT
Somerton,OCGT,VIC,VIC,,Existing,,Gas,Somerton,Somerton,Somerton,OCGT Small,OCGT Small,OCGT Small,OCGT Small,OCGT Small,OCGT Small,OCGT Small,OCGT Small,OCGT,,,Somerton,Somerton,Somerton,Somerton,OCGT
Valley Power,OCGT,VIC,VIC,,Existing,,Gas,Valley Power,Valley Power,Valley Power,OCGT Small,OCGT Small,OCGT Small,OCGT Small,OCGT Small,OCGT Small,OCGT Small,OCGT Small,OCGT,,,Valley Power,Valley Power,Valley Power,Valley Power,OCGT
Torrens Island B,Gas-powered steam turbine,SA,CSA,,Existing,,Gas,Torrens Island B,Torrens Island B,Torrens Island B,Steam Turbine & CCGT,Steam Turbine & CCGT,Steam Turbine & CCGT,Steam Turbine & CCGT,Steam Turbine & CCGT,Steam Turbine & CCGT,Steam Turbine & CCGT,Steam Turbine & CCGT,Gas-powered steam turbine,,,Torrens Island B,Torrens Island B,Torrens Island B,Torrens Island B,Gas-powered steam turbine
Newport,Gas-powered steam turbine,VIC,VIC,,Existing,,Gas,Newport,Newport,Newport,Steam Turbine & CCGT,Steam Turbine & CCGT,Steam Turbine & CCGT,Steam Turbine & CCGT,Steam Turbine & CCGT,Steam Turbine & CCGT,Steam Turbine & CCGT,Steam Turbine & CCGT,Gas-powered steam turbine,,,Newport,Newport,Newport,Newport,Gas-powered steam turbine
Angaston,Reciprocating Engine,SA,CSA,,Existing,,Liquid Fuel,Liquid Fuel,Angaston,Angaston,OCGT Small,OCGT Small,OCGT Small,OCGT Small,OCGT Small,OCGT Small,OCGT Small,OCGT Small,Reciprocating Engine,,,Angaston,Angaston,Angaston,Angaston,Liquid Fuel
Barker Inlet Power Station,Reciprocating Engine,SA,CSA,,Existing,,Gas,Barker Inlet Power Station,Barker Inlet Power Station,Barker Inlet Power Station,OCGT Small,OCGT Small,OCGT Small,OCGT Small,OCGT Small,OCGT Small,OCGT Small,OCGT Small,Reciprocating Engine,,,Barker Inlet Power Station,Barker Inlet Power Station,Barker Inlet Power Station,Barker Inlet Power Station,OCGT
Lonsdale,Reciprocating Engine,SA,CSA,,Existing,,Liquid Fuel,Liquid Fuel,Lonsdale,Lonsdale,OCGT Small,OCGT Small,OCGT Small,OCGT Small,OCGT Small,OCGT Small,OCGT Small,OCGT Small,Reciprocating Engine,,,Lonsdale,Lonsdale,Lonsdale,Lonsdale,Liquid Fuel
Port Stanvac 1,Reciprocating Engine,SA,CSA,,Existing,,Liquid Fuel,Liquid Fuel,Port Stanvac 1,Port Stanvac 1,OCGT Small,OCGT Small,OCGT Small,OCGT Small,OCGT Small,OCGT Small,OCGT Small,OCGT Small,Reciprocating Engine,,,Port Stanvac 1,Port Stanvac 1,Port Stanvac 1,Port Stanvac 1,Liquid Fuel
Blowering,Hydro,NSW,SNSW,,Existing,,Water,Hydro,Blowering,Blowering,Hydro,Hydro,Hydro,Hydro,Hydro,Hydro,Hydro,Hydro,Hydro,,,All Hydro,All Hydro,,Blowering,Hydro
Guthega,Hydro,NSW,SNSW,,Existing,,Water,Hydro,Guthega,Guthega,Hydro,Hydro,Hydro,Hydro,Hydro,Hydro,Hydro,Hydro,Hydro,,,All Hydro,All Hydro,,Guthega,Hydro
Hume Dam NSW,Hydro,NSW,SNSW,,Existing,,Water,Hydro,Hume Dam NSW,Hume Dam NSW,Hydro,Hydro,Hydro,Hydro,Hydro,Hydro,Hydro,Hydro,Hydro,,,All Hydro,All Hydro,,Hume Dam NSW,Hydro
Shoalhaven,Hydro,NSW,CNSW,,Existing,,Water,Hydro,Shoalhaven,Shoalhaven,Hydro,Hydro,Hydro,Hydro,Hydro,Hydro,Hydro,Hydro,Hydro,,,All Hydro,All Hydro,,Shoalhaven,Hydro
Tumut 3,Hydro,NSW,SNSW,,Existing,,Water,Hydro,Tumut 3,Tumut 3,Hydro,Hydro,Hydro,Hydro,Hydro,Hydro,Hydro,Hydro,Hydro,,,All Hydro,All Hydro,,Tumut 3,Hydro
Upper Tumut,Hydro,NSW,SNSW,,Existing,,Water,Hydro,Upper Tumut,Upper Tumut,Hydro,Hydro,Hydro,Hydro,Hydro,Hydro,Hydro,Hydro,Hydro,,,All Hydro,All Hydro,,Upper Tumut,Hydro
Barron Gorge,Hydro,QLD,NQ,,Existing,,Water,Hydro,Barron Gorge,Barron Gorge,Hydro,Hydro,Hydro,Hydro,Hydro,Hydro,Hydro,Hydro,Hydro,,,All Hydro,All Hydro,,Barron Gorge,Hydro
Kareeya,Hydro,QLD,NQ,,Existing,,Water,Hydro,Kareeya,Kareeya,Hydro,Hydro,Hydro,Hydro,Hydro,Hydro,Hydro,Hydro,Hydro,,,All Hydro,All Hydro,,Kareeya,Hydro
Wivenhoe,Hydro,QLD,SQ,,Existing,,Water,Hydro,Wivenhoe,Wivenhoe,Hydro,Hydro,Hydro,Hydro,Hydro,Hydro,Hydro,Hydro,Hydro,,,All Hydro,All Hydro,,Wivenhoe,Hydro
Bastyan,Hydro,TAS,TAS,,Existing,,Water,Hydro,Bastyan,Bastyan,Hydro,Hydro,Hydro,Hydro,Hydro,Hydro,Hydro,Hydro,Hydro,,,All Hydro,All Hydro,,Bastyan,Hydro
Catagunya / Liapootah / Wayatinah,Hydro,TAS,TAS,,Existing,,Water,Hydro,Catagunya / Liapootah / Wayatinah,Catagunya / Liapootah / Wayatinah,Hydro,Hydro,Hydro,Hydro,Hydro,Hydro,Hydro,Hydro,Hydro,,,All Hydro,All Hydro,,Catagunya / Liapootah / Wayatinah,Hydro
Cethana,Hydro,TAS,TAS,,Existing,,Water,Hydro,Cethana,Cethana,Hydro,Hydro,Hydro,Hydro,Hydro,Hydro,Hydro,Hydro,Hydro,,,All Hydro,All Hydro,,Cethana,Hydro
Devils Gate,Hydro,TAS,TAS,,Existing,,Water,Hydro,Devils Gate,Devils Gate,Hydro,Hydro,Hydro,Hydro,Hydro,Hydro,Hydro,Hydro,Hydro,,,All Hydro,All Hydro,,Devils Gate,Hydro
Fisher,Hydro,TAS,TAS,,Existing,,Water,Hydro,Fisher,Fisher,Hydro,Hydro,Hydro,Hydro,Hydro,Hydro,Hydro,Hydro,Hydro,,,All Hydro,All Hydro,,Fisher,Hydro
Gordon,Hydro,TAS,TAS,,Existing,,Water,Hydro,Gordon,Gordon,Hydro,Hydro,Hydro,Hydro,Hydro,Hydro,Hydro,Hydro,Hydro,,,All Hydro,All Hydro,,Gordon,Hydro
John Butters,Hydro,TAS,TAS,,Existing,,Water,Hydro,John Butters,John Butters,Hydro,Hydro,Hydro,Hydro,Hydro,Hydro,Hydro,Hydro,Hydro,,,All Hydro,All Hydro,,John Butters,Hydro
Lake Echo,Hydro,TAS,TAS,,Existing,,Water,Hydro,Lake Echo,Lake Echo,Hydro,Hydro,Hydro,Hydro,Hydro,Hydro,Hydro,Hydro,Hydro,,,All Hydro,All Hydro,,Lake Echo,Hydro
Lemonthyme / Wilmot,Hydro,TAS,TAS,,Existing,,Water,Hydro,Lemonthyme / Wilmot,Lemonthyme / Wilmot,Hydro,Hydro,Hydro,Hydro,Hydro,Hydro,Hydro,Hydro,Hydro,,,All Hydro,All Hydro,,Lemonthyme / Wilmot,Hydro
Mackintosh,Hydro,TAS,TAS,,Existing,,Water,Hydro,Mackintosh,Mackintosh,Hydro,Hydro,Hydro,Hydro,Hydro,Hydro,Hydro,Hydro,Hydro,,,All Hydro,All Hydro,,Mackintosh,Hydro
Meadowbank,Hydro,TAS,TAS,,Existing,,Water,Hydro,Meadowbank,Meadowbank,Hydro,Hydro,Hydro,Hydro,Hydro,Hydro,Hydro,Hydro,Hydro,,,All Hydro,All Hydro,,Meadowbank,Hydro
Poatina,Hydro,TAS,TAS,,Existing,,Water,Hydro,Poatina,Poatina,Hydro,Hydro,Hydro,Hydro,Hydro,Hydro,Hydro,Hydro,Hydro,,,All Hydro,All Hydro,,Poatina,Hydro
Reece,Hydro,TAS,TAS,,Existing,,Water,Hydro,Reece,Reece,Hydro,Hydro,Hydro,Hydro,Hydro,Hydro,Hydro,Hydro,Hydro,,,All Hydro,All Hydro,,Reece,Hydro
Tarraleah,Hydro,TAS,TAS,,Existing,,Water,Hydro,Tarraleah,Tarraleah,Hydro,Hydro,Hydro,Hydro,Hydro,Hydro,Hydro,Hydro,Hydro,,,All Hydro,All Hydro,,Tarraleah,Hydro
Trevallyn,Hydro,TAS,TAS,,Existing,,Water,Hydro,Trevallyn,Trevallyn,Hydro,Hydro,Hydro,Hydro,Hydro,Hydro,Hydro,Hydro,Hydro,,,All Hydro,All Hydro,,Trevallyn,Hydro
Tribute,Hydro,TAS,TAS,,Existing,,Water,Hydro,Tribute,Tribute,Hydro,Hydro,Hydro,Hydro,Hydro,Hydro,Hydro,Hydro,Hydro,,,All Hydro,All Hydro,,Tribute,Hydro
Tungatinah,Hydro,TAS,TAS,,Existing,,Water,Hydro,Tungatinah,Tungatinah,Hydro,Hydro,Hydro,Hydro,Hydro,Hydro,Hydro,Hydro,Hydro,,,All Hydro,All Hydro,,Tungatinah,Hydro
Bogong / MacKay,Hydro,VIC,VIC,,Existing,,Water,Hydro,Bogong / Mackay,Bogong / Mackay,Hydro,Hydro,Hydro,Hydro,Hydro,Hydro,Hydro,Hydro,Hydro,,,All Hydro,All Hydro,,Bogong / MacKay,Hydro
Dartmouth,Hydro,VIC,VIC,,Existing,,Water,Hydro,Dartmouth,Dartmouth,Hydro,Hydro,Hydro,Hydro,Hydro,Hydro,Hydro,Hydro,Hydro,,,All Hydro,All Hydro,,Dartmouth,Hydro
Eildon,Hydro,VIC,VIC,,Existing,,Water,Hydro,Eildon,Eildon,Hydro,Hydro,Hydro,Hydro,Hydro,Hydro,Hydro,Hydro,Hydro,,,All Hydro,All Hydro,,Eildon,Hydro
Hume Dam VIC,Hydro,VIC,VIC,,Existing,,Water,Hydro,Hume Dam VIC,Hume Dam VIC,Hydro,Hydro,Hydro,Hydro,Hydro,Hydro,Hydro,Hydro,Hydro,,,All Hydro,All Hydro,,Hume Dam VIC,Hydro
Murray 1,Hydro,VIC,VIC,,Existing,,Water,Hydro,Murray 1,Murray 1,Hydro,Hydro,Hydro,Hydro,Hydro,Hydro,Hydro,Hydro,Hydro,,,All Hydro,All Hydro,,Murray 1,Hydro
Murray 2,Hydro,VIC,VIC,,Existing,,Water,Hydro,Murray 2,Murray 2,Hydro,Hydro,Hydro,Hydro,Hydro,Hydro,Hydro,Hydro,Hydro,,,All Hydro,All Hydro,,Murray 2,Hydro
West Kiewa,Hydro,VIC,VIC,,Existing,,Water,Hydro,West Kiewa,West Kiewa,Hydro,Hydro,Hydro,Hydro,Hydro,Hydro,Hydro,Hydro,Hydro,,,All Hydro,All Hydro,,West Kiewa,Hydro
Avonlie Solar Farm,Large scale Solar PV,NSW,SNSW,Wagga Wagga,Existing,,Solar,Solar,Avonlie Solar Farm,Avonlie Solar Farm,Large scale Solar PV,Large scale Solar PV,Large scale Solar PV,Large scale Solar PV,Large scale Solar PV,Large scale Solar PV,Large scale Solar PV,Large scale Solar PV,Large scale Solar PV,,,All Large scale solar PV,All Large scale solar PV,,Avonlie Solar Farm,Solar
Beryl Solar Farm,Large scale Solar PV,NSW,CNSW,Central-West Orana,Existing,,Solar,Solar,Beryl Solar Farm,Beryl Solar Farm,Large scale Solar PV,Large scale Solar PV,Large scale Solar PV,Large scale Solar PV,Large scale Solar PV,Large scale Solar PV,Large scale Solar PV,Large scale Solar PV,Large scale Solar PV,,,All Large scale solar PV,All Large scale solar PV,,Beryl Solar Farm,Solar
Bomen Solar Farm,Large scale Solar PV,NSW,SNSW,Wagga Wagga,Existing,,Solar,Solar,Bomen Solar Farm,Bomen Solar Farm,Large scale Solar PV,Large scale Solar PV,Large scale Solar PV,Large scale Solar PV,Large scale Solar PV,Large scale Solar PV,Large scale Solar PV,Large scale Solar PV,Large scale Solar PV,,,All Large scale solar PV,All Large scale solar PV,,Bomen Solar Farm,Solar
Broken Hill Solar Farm,Large scale Solar PV,NSW,SNSW,Broken Hill,Existing,,Solar,Solar,Broken Hill Solar Plant,Broken Hill Solar Plant,Large scale Solar PV,Large scale Solar PV,Large scale Solar PV,Large scale Solar PV,Large scale Solar PV,Large scale Solar PV,Large scale Solar PV,Large scale Solar PV,Large scale Solar PV,,,All Large scale solar PV,All Large scale solar PV,,Broken Hill Solar Farm,Solar
Coleambally Solar Farm,Large scale Solar PV,NSW,SNSW,,Existing,,Solar,Solar,Coleambally Solar Farm,Coleambally Solar Farm,Large scale Solar PV,Large scale Solar PV,Large scale Solar PV,Large scale Solar PV,Large scale Solar PV,Large scale Solar PV,Large scale Solar PV,Large scale Solar PV,Large scale Solar PV,,,All Large scale solar PV,All Large scale solar PV,,Coleambally Solar Farm,Solar
Corowa Solar Farm,Large scale Solar PV,NSW,SNSW,South West NSW,Existing,,Solar,Solar,Corowa Solar Farm,Corowa Solar Farm,Large scale Solar PV,Large scale Solar PV,Large scale Solar PV,Large scale Solar PV,Large scale Solar PV,Large scale Solar PV,Large scale Solar PV,Large scale Solar PV,Large scale Solar PV,,,All Large scale solar PV,All Large scale solar PV,,Corowa Solar Farm,Solar
Darlington Point Solar Farm,Large scale Solar PV,NSW,SNSW,,Existing,,Solar,Solar,Darlington Point Solar Farm,Darlington Point Solar Farm,Large scale Solar PV,Large scale Solar PV,Large scale Solar PV,Large scale Solar PV,Large scale Solar PV,Large scale Solar PV,Large scale Solar PV,Large scale Solar PV,Large scale Solar PV,,,All Large scale solar PV,All Large scale solar PV,,Darlington Point Solar Farm,Solar
Finley Solar Farm,Large scale Solar PV,NSW,SNSW,,Existing,,Solar,Solar,Finley Solar Farm,Finley Solar Farm,Large scale Solar PV,Large scale Solar PV,Large scale Solar PV,Large scale Solar PV,Large scale Solar PV,Large scale Solar PV,Large scale Solar PV,Large scale Solar PV,Large scale Solar PV,,,All Large scale solar PV,All Large scale solar PV,,Finley Solar Farm,Solar
Goonumbla Solar Farm,Large scale Solar PV,NSW,CNSW,Central-West Orana,Existing,,Solar,Solar,Goonumbla Solar Farm,Goonumbla Solar Farm,Large scale Solar PV,Large scale Solar PV,Large scale Solar PV,Large scale Solar PV,Large scale Solar PV,Large scale Solar PV,Large scale Solar PV,Large scale Solar PV,Large scale Solar PV,,,All Large scale solar PV,All Large scale solar PV,,Goonumbla Solar Farm,Solar
Gullen Range Solar Farm,Large scale Solar PV,NSW,SNSW,,Existing,,Solar,Solar,Gullen Range Solar Farm,Gullen Range Solar Farm,Large scale Solar PV,Large scale Solar PV,Large scale Solar PV,Large scale Solar PV,Large scale Solar PV,Large scale Solar PV,Large scale Solar PV,Large scale Solar PV,Large scale Solar PV,,,All Large scale solar PV,All Large scale solar PV,,Gullen Range Solar Farm,Solar
Gunnedah Solar Farm,Large scale Solar PV,NSW,NNSW,North West NSW,Existing,,Solar,Solar,Gunnedah Solar Farm,Gunnedah Solar Farm,Large scale Solar PV,Large scale Solar PV,Large scale Solar PV,Large scale Solar PV,Large scale Solar PV,Large scale Solar PV,Large scale Solar PV,Large scale Solar PV,Large scale Solar PV,,,All Large scale solar PV,All Large scale solar PV,,Gunnedah Solar Farm,Solar
Hillston Sun Farm,Large scale Solar PV,NSW,SNSW,,Existing,,Solar,Solar,Hillston Sun Farm,Hillston Sun Farm,Large scale Solar PV,Large scale Solar PV,Large scale Solar PV,Large scale Solar PV,Large scale Solar PV,Large scale Solar PV,Large scale Solar PV,Large scale Solar PV,Large scale Solar PV,,,All Large scale solar PV,All Large scale solar PV,,Hillston Sun Farm,Solar
Jemalong Solar,Large scale Solar PV,NSW,CNSW,,Existing,,Solar,Solar,Jemalong Solar,Jemalong Solar,Large scale Solar PV,Large scale Solar PV,Large scale Solar PV,Large scale Solar PV,Large scale Solar PV,Large scale Solar PV,Large scale Solar PV,Large scale Solar PV,Large scale Solar PV,,,All Large scale solar PV,All Large scale solar PV,,Jemalong Solar,Solar
Junee Solar Farm,Large scale Solar PV,NSW,SNSW,Wagga Wagga,Existing,,Solar,Solar,Junee Solar Farm,Junee Solar Farm,Large scale Solar PV,Large scale Solar PV,Large scale Solar PV,Large scale Solar PV,Large scale Solar PV,Large scale Solar PV,Large scale Solar PV,Large scale Solar PV,Large scale Solar PV,,,All Large scale solar PV,All Large scale solar PV,,Junee Solar Farm,Solar
Limondale Solar Farm 1,Large scale Solar PV,NSW,SNSW,South West NSW,Existing,,Solar,Solar,Limondale Solar Farm 1,Limondale Solar Farm 1,Large scale Solar PV,Large scale Solar PV,Large scale Solar PV,Large scale Solar PV,Large scale Solar PV,Large scale Solar PV,Large scale Solar PV,Large scale Solar PV,Large scale Solar PV,,,All Large scale solar PV,All Large scale solar PV,,Limondale Solar Farm 1,Solar
Limondale Solar Farm 2,Large scale Solar PV,NSW,SNSW,South West NSW,Existing,,Solar,Solar,Limondale Solar Farm 2,Limondale Solar Farm 2,Large scale Solar PV,Large scale Solar PV,Large scale Solar PV,Large scale Solar PV,Large scale Solar PV,Large scale Solar PV,Large scale Solar PV,Large scale Solar PV,Large scale Solar PV,,,All Large scale solar PV,All Large scale solar PV,,Limondale Solar Farm 2,Solar
Manildra Solar Farm,Large scale Solar PV,NSW,CNSW,Central-West Orana,Existing,,Solar,Solar,Manildra Solar Farm,Manildra Solar Farm,Large scale Solar PV,Large scale Solar PV,Large scale Solar PV,Large scale Solar PV,Large scale Solar PV,Large scale Solar PV,Large scale Solar PV,Large scale Solar PV,Large scale Solar PV,,,All Large scale solar PV,All Large scale solar PV,,Manildra Solar Farm,Solar
Molong Solar Farm,Large scale Solar PV,NSW,CNSW,Central-West Orana,Existing,,Solar,Solar,Molong Solar Farm,Molong Solar Farm,Large scale Solar PV,Large scale Solar PV,Large scale Solar PV,Large scale Solar PV,Large scale Solar PV,Large scale Solar PV,Large scale Solar PV,Large scale Solar PV,Large scale Solar PV,,,All Large scale solar PV,All Large scale solar PV,,Molong Solar Farm,Solar
Moree Solar Farm,Large scale Solar PV,NSW,NNSW,North West NSW,Existing,,Solar,Solar,Moree Solar Farm,Moree Solar Farm,Large scale Solar PV,Large scale Solar PV,Large scale Solar PV,Large scale Solar PV,Large scale Solar PV,Large scale Solar PV,Large scale Solar PV,Large scale Solar PV,Large scale Solar PV,,,All Large scale solar PV,All Large scale solar PV,,Moree Solar Farm,Solar
Nevertire Solar Farm,Large scale Solar PV,NSW,CNSW,Central-West Orana,Existing,,Solar,Solar,Nevertire Solar Farm,Nevertire Solar Farm,Large scale Solar PV,Large scale Solar PV,Large scale Solar PV,Large scale Solar PV,Large scale Solar PV,Large scale Solar PV,Large scale Solar PV,Large scale Solar PV,Large scale Solar PV,,,All Large scale solar PV,All Large scale solar PV,,Nevertire Solar Farm,Solar
New England Solar Farm,Large scale Solar PV,NSW,NNSW,New England,Existing,,Solar,Solar,New England Solar Farm,New England Solar Farm,Large scale Solar PV,Large scale Solar PV,Large scale Solar PV,Large scale Solar PV,Large scale Solar PV,Large scale Solar PV,Large scale Solar PV,Large scale Solar PV,Large scale Solar PV,,,All Large scale solar PV,All Large scale solar PV,,New England Solar Farm,Solar
Nyngan Solar Plant,Large scale Solar PV,NSW,CNSW,Central-West Orana,Existing,,Solar,Solar,Nyngan Solar Plant,Nyngan Solar Plant,Large scale Solar PV,Large scale Solar PV,Large scale Solar PV,Large scale Solar PV,Large scale Solar PV,Large scale Solar PV,Large scale Solar PV,Large scale Solar PV,Large scale Solar PV,,,All Large scale solar PV,All Large scale solar PV,,Nyngan Solar Plant,Solar
Parkes Solar Farm,Large scale Solar PV,NSW,CNSW,,Existing,,Solar,Solar,Parkes Solar Farm,Parkes Solar Farm,Large scale Solar PV,Large scale Solar PV,Large scale Solar PV,Large scale Solar PV,Large scale Solar PV,Large scale Solar PV,Large scale Solar PV,Large scale Solar PV,Large scale Solar PV,,,All Large scale solar PV,All Large scale solar PV,,Parkes Solar Farm,Solar
Sunraysia Solar Farm,Large scale Solar PV,NSW,SNSW,South West NSW,Existing,,Solar,Solar,Sunraysia Solar Farm,Sunraysia Solar Farm,Large scale Solar PV,Large scale Solar PV,Large scale Solar PV,Large scale Solar PV,Large scale Solar PV,Large scale Solar PV,Large scale Solar PV,Large scale Solar PV,Large scale Solar PV,,,All Large scale solar PV,All Large scale solar PV,,Sunraysia Solar Farm,Solar
Suntop Solar Farm,Large scale Solar PV,NSW,CNSW,Central-West Orana,Existing,,Solar,Solar,Suntop Solar Farm,Suntop Solar Farm,Large scale Solar PV,Large scale Solar PV,Large scale Solar PV,Large scale Solar PV,Large scale Solar PV,Large scale Solar PV,Large scale Solar PV,Large scale Solar PV,Large scale Solar PV,,,All Large scale solar PV,All Large scale solar PV,,Suntop Solar Farm,Solar
Wagga North Solar Farm,Large scale Solar PV,NSW,SNSW,Wagga Wagga,Existing,,Solar,Solar,Wagga North Solar Farm,Wagga North Solar Farm,Large scale Solar PV,Large scale Solar PV,Large scale Solar PV,Large scale Solar PV,Large scale Solar PV,Large scale Solar PV,Large scale Solar PV,Large scale Solar PV,Large scale Solar PV,,,All Large scale solar PV,All Large scale solar PV,,Wagga North Solar Farm,Solar
Wellington Solar Farm,Large scale Solar PV,NSW,CNSW,Central-West Orana,Existing,,Solar,Solar,Wellington Solar Farm,Wellington Solar Farm,Large scale Solar PV,Large scale Solar PV,Large scale Solar PV,Large scale Solar PV,Large scale Solar PV,Large scale Solar PV,Large scale Solar PV,Large scale Solar PV,Large scale Solar PV,,,All Large scale solar PV,All Large scale solar PV,,Wellington Solar Farm,Solar
West Wyalong Solar Farm,Large scale Solar PV,NSW,SNSW,,Existing,,Solar,Solar,West Wyalong Solar Farm,West Wyalong Solar Farm,Large scale Solar PV,Large scale Solar PV,Large scale Solar PV,Large scale Solar PV,Large scale Solar PV,Large scale Solar PV,Large scale Solar PV,Large scale Solar PV,Large scale Solar PV,,,All Large scale solar PV,All Large scale solar PV,,West Wyalong Solar Farm,Solar
White Rock Solar Farm,Large scale Solar PV,NSW,NNSW,New England,Existing,,Solar,Solar,White Rock Solar Farm,White Rock Solar Farm,Large scale Solar PV,Large scale Solar PV,Large scale Solar PV,Large scale Solar PV,Large scale Solar PV,Large scale Solar PV,Large scale Solar PV,Large scale Solar PV,Large scale Solar PV,,,All Large scale solar PV,All Large scale solar PV,,White Rock Solar Farm,Solar
Bluegrass Solar Farm,Large scale Solar PV,QLD,SQ,Darling Downs,Existing,,Solar,Solar,Bluegrass Solar Farm,Bluegrass Solar Farm,Large scale Solar PV,Large scale Solar PV,Large scale Solar PV,Large scale Solar PV,Large scale Solar PV,Large scale Solar PV,Large scale Solar PV,Large scale Solar PV,Large scale Solar PV,,,All Large scale solar PV,All Large scale solar PV,,Bluegrass Solar Farm,Solar
Childers Solar Farm,Large scale Solar PV,QLD,SQ,Wide Bay,Existing,,Solar,Solar,Childers Solar Farm,Childers Solar Farm,Large scale Solar PV,Large scale Solar PV,Large scale Solar PV,Large scale Solar PV,Large scale Solar PV,Large scale Solar PV,Large scale Solar PV,Large scale Solar PV,Large scale Solar PV,,,All Large scale solar PV,All Large scale solar PV,,Childers Solar Farm,Solar
Clare Solar Farm,Large scale Solar PV,QLD,NQ,Northern Qld,Existing,,Solar,Solar,Clare Solar Farm,Clare Solar Farm,Large scale Solar PV,Large scale Solar PV,Large scale Solar PV,Large scale Solar PV,Large scale Solar PV,Large scale Solar PV,Large scale Solar PV,Large scale Solar PV,Large scale Solar PV,,,All Large scale solar PV,All Large scale solar PV,,Clare Solar Farm,Solar
Clermont Solar Farm,Large scale Solar PV,QLD,CQ,Isaac,Existing,,Solar,Solar,Clermont Solar Farm,Clermont Solar Farm,Large scale Solar PV,Large scale Solar PV,Large scale Solar PV,Large scale Solar PV,Large scale Solar PV,Large scale Solar PV,Large scale Solar PV,Large scale Solar PV,Large scale Solar PV,,,All Large scale solar PV,All Large scale solar PV,,Clermont Solar Farm,Solar
Collinsville Solar Farm,Large scale Solar PV,QLD,CQ,Isaac,Existing,,Solar,Solar,Collinsville PV,Collinsville PV,Large scale Solar PV,Large scale Solar PV,Large scale Solar PV,Large scale Solar PV,Large scale Solar PV,Large scale Solar PV,Large scale Solar PV,Large scale Solar PV,Large scale Solar PV,,,All Large scale solar PV,All Large scale solar PV,,Collinsville Solar Farm,Solar
Columboola Solar Farm,Large scale Solar PV,QLD,SQ,Darling Downs,Existing,,Solar,Solar,Columboola Solar Farm,Columboola Solar Farm,Large scale Solar PV,Large scale Solar PV,Large scale Solar PV,Large scale Solar PV,Large scale Solar PV,Large scale Solar PV,Large scale Solar PV,Large scale Solar PV,Large scale Solar PV,,,All Large scale solar PV,All Large scale solar PV,,Columboola Solar Farm,Solar
Darling Downs Solar Farm,Large scale Solar PV,QLD,SQ,Darling Downs,Existing,,Solar,Solar,Darling Downs Solar Farm,Darling Downs Solar Farm,Large scale Solar PV,Large scale Solar PV,Large scale Solar PV,Large scale Solar PV,Large scale Solar PV,Large scale Solar PV,Large scale Solar PV,Large scale Solar PV,Large scale Solar PV,,,All Large scale solar PV,All Large scale solar PV,,Darling Downs Solar Farm,Solar
Daydream Solar Farm,Large scale Solar PV,QLD,CQ,Isaac,Existing,,Solar,Solar,Daydream Solar Farm,Daydream Solar Farm,Large scale Solar PV,Large scale Solar PV,Large scale Solar PV,Large scale Solar PV,Large scale Solar PV,Large scale Solar PV,Large scale Solar PV,Large scale Solar PV,Large scale Solar PV,,,All Large scale solar PV,All Large scale solar PV,,Daydream Solar Farm,Solar
Edenvale Solar Park,Large scale Solar PV,QLD,SQ,Darling Downs,Existing,,Solar,Solar,Edenvale Solar Park,Edenvale Solar Park,Large scale Solar PV,Large scale Solar PV,Large scale Solar PV,Large scale Solar PV,Large scale Solar PV,Large scale Solar PV,Large scale Solar PV,Large scale Solar PV,Large scale Solar PV,,,All Large scale solar PV,All Large scale solar PV,,Edenvale Solar Park,Solar
Emerald Solar Farm,Large scale Solar PV,QLD,CQ,,Existing,,Solar,Solar,Emerald Solar Park,Emerald Solar Park,Large scale Solar PV,Large scale Solar PV,Large scale Solar PV,Large scale Solar PV,Large scale Solar PV,Large scale Solar PV,Large scale Solar PV,Large scale Solar PV,Large scale Solar PV,,,All Large scale solar PV,All Large scale solar PV,,Emerald Solar Farm,Solar
Gangarri Solar Farm,Large scale Solar PV,QLD,SQ,Darling Downs,Existing,,Solar,Solar,Gangarri Solar Farm,Gangarri Solar Farm,Large scale Solar PV,Large scale Solar PV,Large scale Solar PV,Large scale Solar PV,Large scale Solar PV,Large scale Solar PV,Large scale Solar PV,Large scale Solar PV,Large scale Solar PV,,,All Large scale solar PV,All Large scale solar PV,,Gangarri Solar Farm,Solar
Hamilton Solar Farm,Large scale Solar PV,QLD,CQ,Isaac,Existing,,Solar,Solar,Hamilton Solar Farm,Hamilton Solar Farm,Large scale Solar PV,Large scale Solar PV,Large scale Solar PV,Large scale Solar PV,Large scale Solar PV,Large scale Solar PV,Large scale Solar PV,Large scale Solar PV,Large scale Solar PV,,,All Large scale solar PV,All Large scale solar PV,,Hamilton Solar Farm,Solar
Haughton Solar Farm,Large scale Solar PV,QLD,NQ,Northern Qld,Existing,,Solar,Solar,Haughton Solar Farm,Haughton Solar Farm,Large scale Solar PV,Large scale Solar PV,Large scale Solar PV,Large scale Solar PV,Large scale Solar PV,Large scale Solar PV,Large scale Solar PV,Large scale Solar PV,Large scale Solar PV,,,All Large scale solar PV,All Large scale solar PV,,Haughton Solar Farm,Solar
Hayman Solar Farm,Large scale Solar PV,QLD,CQ,Isaac,Existing,,Solar,Solar,Hayman Solar Farm,Hayman Solar Farm,Large scale Solar PV,Large scale Solar PV,Large scale Solar PV,Large scale Solar PV,Large scale Solar PV,Large scale Solar PV,Large scale Solar PV,Large scale Solar PV,Large scale Solar PV,,,All Large scale solar PV,All Large scale solar PV,,Hayman Solar Farm,Solar
Hughenden Solar Farm,Large scale Solar PV,QLD,NQ,North Qld Clean Energy Hub,Existing,,Solar,Solar,Hughenden Solar Farm,Hughenden Solar Farm,Large scale Solar PV,Large scale Solar PV,Large scale Solar PV,Large scale Solar PV,Large scale Solar PV,Large scale Solar PV,Large scale Solar PV,Large scale Solar PV,Large scale Solar PV,,,All Large scale solar PV,All Large scale solar PV,,Hughenden Solar Farm,Solar
Kennedy Energy Park Solar Farm,Large scale Solar PV,QLD,NQ,North Qld Clean Energy Hub,Existing,,Solar,Solar,Kennedy Energy Park Solar Farm,Kennedy Energy Park Solar Farm,Large scale Solar PV,Large scale Solar PV,Large scale Solar PV,Large scale Solar PV,Large scale Solar PV,Large scale Solar PV,Large scale Solar PV,Large scale Solar PV,Large scale Solar PV,,,All Large scale solar PV,All Large scale solar PV,,Kennedy Energy Park Solar Farm,Solar
Kidston Solar Farm,Large scale Solar PV,QLD,NQ,North Qld Clean Energy Hub,Existing,,Solar,Solar,Kidston Solar Project Phase One 50MW,Kidston Solar Project Phase One 50MW,Large scale Solar PV,Large scale Solar PV,Large scale Solar PV,Large scale Solar PV,Large scale Solar PV,Large scale Solar PV,Large scale Solar PV,Large scale Solar PV,Large scale Solar PV,,,All Large scale solar PV,All Large scale solar PV,,Kidston Solar Farm,Solar
Lilyvale Solar Farm,Large scale Solar PV,QLD,CQ,Isaac,Existing,,Solar,Solar,Lilyvale Solar Farm,Lilyvale Solar Farm,Large scale Solar PV,Large scale Solar PV,Large scale Solar PV,Large scale Solar PV,Large scale Solar PV,Large scale Solar PV,Large scale Solar PV,Large scale Solar PV,Large scale Solar PV,,,All Large scale solar PV,All Large scale solar PV,,Lilyvale Solar Farm,Solar
Longreach Solar Farm,Large scale Solar PV,QLD,CQ,Barcaldine,Existing,,Solar,Solar,Longreach Solar Farm,Longreach Solar Farm,Large scale Solar PV,Large scale Solar PV,Large scale Solar PV,Large scale Solar PV,Large scale Solar PV,Large scale Solar PV,Large scale Solar PV,Large scale Solar PV,Large scale Solar PV,,,All Large scale solar PV,All Large scale solar PV,,Longreach Solar Farm,Solar
Maryrorough Solar Farm,Large scale Solar PV,QLD,SQ,Darling Downs,Existing,,Solar,Solar,Maryrorough Solar Farm,Maryrorough Solar Farm,Large scale Solar PV,Large scale Solar PV,Large scale Solar PV,Large scale Solar PV,Large scale Solar PV,Large scale Solar PV,Large scale Solar PV,Large scale Solar PV,Large scale Solar PV,,,All Large scale solar PV,All Large scale solar PV,,Maryrorough Solar Farm,Solar
Middlemount Solar Farm,Large scale Solar PV,QLD,CQ,Isaac,Existing,,Solar,Solar,Middlemount Sun Farm,Middlemount Sun Farm,Large scale Solar PV,Large scale Solar PV,Large scale Solar PV,Large scale Solar PV,Large scale Solar PV,Large scale Solar PV,Large scale Solar PV,Large scale Solar PV,Large scale Solar PV,,,All Large scale solar PV,All Large scale solar PV,,Middlemount Solar Farm,Solar
Moura Solar Farm,Large scale Solar PV,QLD,CQ,Fitzroy,Existing,,Solar,Solar,Moura Solar Farm,Moura Solar Farm,Large scale Solar PV,Large scale Solar PV,Large scale Solar PV,Large scale Solar PV,Large scale Solar PV,Large scale Solar PV,Large scale Solar PV,Large scale Solar PV,Large scale Solar PV,,,All Large scale solar PV,All Large scale solar PV,,Moura Solar Farm,Solar
Oakey 1 Solar Farm,Large scale Solar PV,QLD,SQ,Darling Downs,Existing,,Solar,Solar,Oakey 1 Solar Farm,Oakey 1 Solar Farm,Large scale Solar PV,Large scale Solar PV,Large scale Solar PV,Large scale Solar PV,Large scale Solar PV,Large scale Solar PV,Large scale Solar PV,Large scale Solar PV,Large scale Solar PV,,,All Large scale solar PV,All Large scale solar PV,,Oakey 1 Solar Farm,Solar
Oakey 2 Solar Farm,Large scale Solar PV,QLD,SQ,Darling Downs,Existing,,Solar,Solar,Oakey 2 Solar Farm,Oakey 2 Solar Farm,Large scale Solar PV,Large scale Solar PV,Large scale Solar PV,Large scale Solar PV,Large scale Solar PV,Large scale Solar PV,Large scale Solar PV,Large scale Solar PV,Large scale Solar PV,,,All Large scale solar PV,All Large scale solar PV,,Oakey 2 Solar Farm,Solar
Ross River Solar Farm,Large scale Solar PV,QLD,NQ,Northern Qld,Existing,,Solar,Solar,Ross River Solar Farm,Ross River Solar Farm,Large scale Solar PV,Large scale Solar PV,Large scale Solar PV,Large scale Solar PV,Large scale Solar PV,Large scale Solar PV,Large scale Solar PV,Large scale Solar PV,Large scale Solar PV,,,All Large scale solar PV,All Large scale solar PV,,Ross River Solar Farm,Solar
Rugby Run Solar Farm,Large scale Solar PV,QLD,CQ,Isaac,Existing,,Solar,Solar,Rugby Run Solar Farm,Rugby Run Solar Farm,Large scale Solar PV,Large scale Solar PV,Large scale Solar PV,Large scale Solar PV,Large scale Solar PV,Large scale Solar PV,Large scale Solar PV,Large scale Solar PV,Large scale Solar PV,,,All Large scale solar PV,All Large scale solar PV,,Rugby Run Solar Farm,Solar
Sun Metals Corporation Solar Farm,Large scale Solar PV,QLD,NQ,Northern Qld,Existing,,Solar,Solar,Sun Metals Corporation Solar Farm,Sun Metals Corporation Solar Farm,Large scale Solar PV,Large scale Solar PV,Large scale Solar PV,Large scale Solar PV,Large scale Solar PV,Large scale Solar PV,Large scale Solar PV,Large scale Solar PV,Large scale Solar PV,,,All Large scale solar PV,All Large scale solar PV,,Sun Metals Corporation Solar Farm,Solar
Susan River Solar Farm,Large scale Solar PV,QLD,SQ,Wide Bay,Existing,,Solar,Solar,Susan River Solar Farm,Susan River Solar Farm,Large scale Solar PV,Large scale Solar PV,Large scale Solar PV,Large scale Solar PV,Large scale Solar PV,Large scale Solar PV,Large scale Solar PV,Large scale Solar PV,Large scale Solar PV,,,All Large scale solar PV,All Large scale solar PV,,Susan River Solar Farm,Solar
Warwick Solar Farm,Large scale Solar PV,QLD,SQ,Darling Downs,Existing,,Solar,Solar,Warwick Solar Farm,Warwick Solar Farm,Large scale Solar PV,Large scale Solar PV,Large scale Solar PV,Large scale Solar PV,Large scale Solar PV,Large scale Solar PV,Large scale Solar PV,Large scale Solar PV,Large scale Solar PV,,,All Large scale solar PV,All Large scale solar PV,,Warwick Solar Farm,Solar
Western Downs Green Power Hub,Large scale Solar PV,QLD,SQ,Darling Downs,Existing,,Solar,Solar,Western Downs Green Power Hub,Western Downs Green Power Hub,Large scale Solar PV,Large scale Solar PV,Large scale Solar PV,Large scale Solar PV,Large scale Solar PV,Large scale Solar PV,Large scale Solar PV,Large scale Solar PV,Large scale Solar PV,,,All Large scale solar PV,All Large scale solar PV,,Western Downs Green Power Hub,Solar
Whitsunday Solar Farm,Large scale Solar PV,QLD,CQ,Isaac,Existing,,Solar,Solar,Whitsunday Solar Farm,Whitsunday Solar Farm,Large scale Solar PV,Large scale Solar PV,Large scale Solar PV,Large scale Solar PV,Large scale Solar PV,Large scale Solar PV,Large scale Solar PV,Large scale Solar PV,Large scale Solar PV,,,All Large scale solar PV,All Large scale solar PV,,Whitsunday Solar Farm,Solar
Yarranlea Solar Farm,Large scale Solar PV,QLD,SQ,Darling Downs,Existing,,Solar,Solar,Yarranlea Solar Farm,Yarranlea Solar Farm,Large scale Solar PV,Large scale Solar PV,Large scale Solar PV,Large scale Solar PV,Large scale Solar PV,Large scale Solar PV,Large scale Solar PV,Large scale Solar PV,Large scale Solar PV,,,All Large scale solar PV,All Large scale solar PV,,Yarranlea Solar Farm,Solar
Adelaide Desalination Plant Solar Farm,Large scale Solar PV,SA,CSA,,Existing,,Solar,Solar,Adelaide Desalination Plant,Adelaide Desalination Plant,Large scale Solar PV,Large scale Solar PV,Large scale Solar PV,Large scale Solar PV,Large scale Solar PV,Large scale Solar PV,Large scale Solar PV,Large scale Solar PV,Large scale Solar PV,,,All Large scale solar PV,All Large scale solar PV,,Adelaide Desalination Plant Solar Farm,Solar
Bolivar Waste Water Treatment Solar Farm,Large scale Solar PV,SA,CSA,,Existing,,Solar,Solar,Bolivar Waste Water Treatment,Bolivar Waste Water Treatment,Large scale Solar PV,Large scale Solar PV,Large scale Solar PV,Large scale Solar PV,Large scale Solar PV,Large scale Solar PV,Large scale Solar PV,Large scale Solar PV,Large scale Solar PV,,,All Large scale solar PV,All Large scale solar PV,,Bolivar Waste Water Treatment Solar Farm,Solar
Bungala One Solar Farm,Large scale Solar PV,SA,CSA,Northern SA,Existing,,Solar,Solar,Bungala One Solar Farm,Bungala One Solar Farm,Large scale Solar PV,Large scale Solar PV,Large scale Solar PV,Large scale Solar PV,Large scale Solar PV,Large scale Solar PV,Large scale Solar PV,Large scale Solar PV,Large scale Solar PV,,,All Large scale solar PV,All Large scale solar PV,,Bungala One Solar Farm,Solar
Bungala Two Solar Farm,Large scale Solar PV,SA,CSA,Northern SA,Existing,,Solar,Solar,Bungala Two Solar Farm,Bungala Two Solar Farm,Large scale Solar PV,Large scale Solar PV,Large scale Solar PV,Large scale Solar PV,Large scale Solar PV,Large scale Solar PV,Large scale Solar PV,Large scale Solar PV,Large scale Solar PV,,,All Large scale solar PV,All Large scale solar PV,,Bungala Two Solar Farm,Solar
Happy Valley Reservoir,Large scale Solar PV,SA,CSA,,Existing,,Solar,Solar,Happy Valley Reservoir,Happy Valley Reservoir,Large scale Solar PV,Large scale Solar PV,Large scale Solar PV,Large scale Solar PV,Large scale Solar PV,Large scale Solar PV,Large scale Solar PV,Large scale Solar PV,Large scale Solar PV,,,All Large scale solar PV,All Large scale solar PV,,Happy Valley Reservoir,Solar
Mannum Adelaide Pumping Station No 2 - MAPL2 (Palmer),Large scale Solar PV,SA,SESA,South East SA,Existing,,Solar,Solar,Mannum Adelaide Pumping Station No 2 - MAPL2 (Palmer),Mannum Adelaide Pumping Station No 2 - MAPL2 (Palmer),Large scale Solar PV,Large scale Solar PV,Large scale Solar PV,Large scale Solar PV,Large scale Solar PV,Large scale Solar PV,Large scale Solar PV,Large scale Solar PV,Large scale Solar PV,,,All Large scale solar PV,All Large scale solar PV,,Mannum Adelaide Pumping Station No 2 - MAPL2 (Palmer),Solar
Mannum Adelaide Pumping Station No 3 - MAPL3 (Tungkillo),Large scale Solar PV,SA,SESA,South East SA,Existing,,Solar,Solar,Mannum Adelaide Pumping Station No 3 - MAPL3 (Kanmantoo),Mannum Adelaide Pumping Station No 3 - MAPL3 (Kanmantoo),Large scale Solar PV,Large scale Solar PV,Large scale Solar PV,Large scale Solar PV,Large scale Solar PV,Large scale Solar PV,Large scale Solar PV,Large scale Solar PV,Large scale Solar PV,,,All Large scale solar PV,All Large scale solar PV,,Mannum Adelaide Pumping Station No 3 - MAPL3 (Tungkillo),Solar
Morgan To Whyalla Pipeline No 1 PS And Water Filtration Plant,Large scale Solar PV,SA,CSA,Riverland,Existing,,Solar,Solar,Morgan To Whyalla Pipeline No 1 PS And Water Filtration Plant,Morgan To Whyalla Pipeline No 1 PS And Water Filtration Plant,Large scale Solar PV,Large scale Solar PV,Large scale Solar PV,Large scale Solar PV,Large scale Solar PV,Large scale Solar PV,Large scale Solar PV,Large scale Solar PV,Large scale Solar PV,,,All Large scale solar PV,All Large scale solar PV,,Morgan To Whyalla Pipeline No 1 PS And Water Filtration Plant,Solar
Morgan To Whyalla Pipeline No 2 PS,Large scale Solar PV,SA,CSA,Riverland,Existing,,Solar,Solar,Morgan To Whyalla Pipeline No 2 PS,Morgan To Whyalla Pipeline No 2 PS,Large scale Solar PV,Large scale Solar PV,Large scale Solar PV,Large scale Solar PV,Large scale Solar PV,Large scale Solar PV,Large scale Solar PV,Large scale Solar PV,Large scale Solar PV,,,All Large scale solar PV,All Large scale solar PV,,Morgan To Whyalla Pipeline No 2 PS,Solar
Morgan To Whyalla Pipeline No 3 PS,Large scale Solar PV,SA,CSA,Riverland,Existing,,Solar,Solar,Morgan To Whyalla Pipeline No 3 PS,Morgan To Whyalla Pipeline No 3 PS,Large scale Solar PV,Large scale Solar PV,Large scale Solar PV,Large scale Solar PV,Large scale Solar PV,Large scale Solar PV,Large scale Solar PV,Large scale Solar PV,Large scale Solar PV,,,All Large scale solar PV,All Large scale solar PV,,Morgan To Whyalla Pipeline No 3 PS,Solar
Morgan To Whyalla Pipeline No 4 PS,Large scale Solar PV,SA,CSA,Riverland,Existing,,Solar,Solar,Morgan To Whyalla Pipeline No 4 PS,Morgan To Whyalla Pipeline No 4 PS,Large scale Solar PV,Large scale Solar PV,Large scale Solar PV,Large scale Solar PV,Large scale Solar PV,Large scale Solar PV,Large scale Solar PV,Large scale Solar PV,Large scale Solar PV,,,All Large scale solar PV,All Large scale solar PV,,Morgan To Whyalla Pipeline No 4 PS,Solar
Murray Bridge - Onkaparinga Pipeline Pump 2,Large scale Solar PV,SA,SESA,South East SA,Existing,,Solar,Solar,Murray Bridge - Onkaparinga Pipeline Pump 2,Murray Bridge - Onkaparinga Pipeline Pump 2,Large scale Solar PV,Large scale Solar PV,Large scale Solar PV,Large scale Solar PV,Large scale Solar PV,Large scale Solar PV,Large scale Solar PV,Large scale Solar PV,Large scale Solar PV,,,All Large scale solar PV,All Large scale solar PV,,Murray Bridge - Onkaparinga Pipeline Pump 2,Solar
Port Augusta Renewable Energy Park - Solar,Large scale Solar PV,SA,CSA,Northern SA,Existing,,Solar,Solar,Port Augusta Renewable Energy Park - Solar,Port Augusta Renewable Energy Park - Solar,Large scale Solar PV,Large scale Solar PV,Large scale Solar PV,Large scale Solar PV,Large scale Solar PV,Large scale Solar PV,Large scale Solar PV,Large scale Solar PV,Large scale Solar PV,,,All Large scale solar PV,All Large scale solar PV,,Port Augusta Renewable Energy Park - Solar,Solar
Tailem Bend Solar Farm,Large scale Solar PV,SA,CSA,,Existing,,Solar,Solar,Tailem Bend Solar Farm,Tailem Bend Solar Farm,Large scale Solar PV,Large scale Solar PV,Large scale Solar PV,Large scale Solar PV,Large scale Solar PV,Large scale Solar PV,Large scale Solar PV,Large scale Solar PV,Large scale Solar PV,,,All Large scale solar PV,All Large scale solar PV,,Tailem Bend Solar Farm,Solar
Tailem Bend Solar Farm - stage 2,Large scale Solar PV,SA,CSA,,Existing,,Solar,Solar,Tailem Bend Solar Farm - stage 2,Tailem Bend Solar Farm - stage 2,Large scale Solar PV,Large scale Solar PV,Large scale Solar PV,Large scale Solar PV,Large scale Solar PV,Large scale Solar PV,Large scale Solar PV,Large scale Solar PV,Large scale Solar PV,,,All Large scale solar PV,All Large scale solar PV,,Tailem Bend Solar Farm - stage 2,Solar
Bannerton Solar Park,Large scale Solar PV,VIC,VIC,Murray River,Existing,,Solar,Solar,Bannerton Solar Park,Bannerton Solar Park,Large scale Solar PV,Large scale Solar PV,Large scale Solar PV,Large scale Solar PV,Large scale Solar PV,Large scale Solar PV,Large scale Solar PV,Large scale Solar PV,Large scale Solar PV,,,All Large scale solar PV,All Large scale solar PV,,Bannerton Solar Park,Solar
Cohuna Solar Farm,Large scale Solar PV,VIC,VIC,Murray River,Existing,,Solar,Solar,Cohuna Solar Farm,Cohuna Solar Farm,Large scale Solar PV,Large scale Solar PV,Large scale Solar PV,Large scale Solar PV,Large scale Solar PV,Large scale Solar PV,Large scale Solar PV,Large scale Solar PV,Large scale Solar PV,,,All Large scale solar PV,All Large scale solar PV,,Cohuna Solar Farm,Solar
Gannawarra Solar Farm,Large scale Solar PV,VIC,VIC,Murray River,Existing,,Solar,Solar,Gannawarra Solar Farm,Gannawarra Solar Farm,Large scale Solar PV,Large scale Solar PV,Large scale Solar PV,Large scale Solar PV,Large scale Solar PV,Large scale Solar PV,Large scale Solar PV,Large scale Solar PV,Large scale Solar PV,,,All Large scale solar PV,All Large scale solar PV,,Gannawarra Solar Farm,Solar
Glenrowan West Solar Farm,Large scale Solar PV,VIC,VIC,Central North Vic,Existing,,Solar,Solar,Glenrowan West Sun Farm,Glenrowan West Sun Farm,Large scale Solar PV,Large scale Solar PV,Large scale Solar PV,Large scale Solar PV,Large scale Solar PV,Large scale Solar PV,Large scale Solar PV,Large scale Solar PV,Large scale Solar PV,,,All Large scale solar PV,All Large scale solar PV,,Glenrowan West Solar Farm,Solar
Karadoc Solar Farm,Large scale Solar PV,VIC,VIC,Murray River,Existing,,Solar,Solar,Karadoc Solar Farm,Karadoc Solar Farm,Large scale Solar PV,Large scale Solar PV,Large scale Solar PV,Large scale Solar PV,Large scale Solar PV,Large scale Solar PV,Large scale Solar PV,Large scale Solar PV,Large scale Solar PV,,,All Large scale solar PV,All Large scale solar PV,,Karadoc Solar Farm,Solar
Kiamal Solar Farm stage 1,Large scale Solar PV,VIC,VIC,Murray River,Existing,,Solar,Solar,Kiamal Solar Farm stage 1,Kiamal Solar Farm stage 1,Large scale Solar PV,Large scale Solar PV,Large scale Solar PV,Large scale Solar PV,Large scale Solar PV,Large scale Solar PV,Large scale Solar PV,Large scale Solar PV,Large scale Solar PV,,,All Large scale solar PV,All Large scale solar PV,,Kiamal Solar Farm stage 1,Solar
Numurkah Solar Farm,Large scale Solar PV,VIC,VIC,Central North Vic,Existing,,Solar,Solar,Numurkah Solar Farm,Numurkah Solar Farm,Large scale Solar PV,Large scale Solar PV,Large scale Solar PV,Large scale Solar PV,Large scale Solar PV,Large scale Solar PV,Large scale Solar PV,Large scale Solar PV,Large scale Solar PV,,,All Large scale solar PV,All Large scale solar PV,,Numurkah Solar Farm,Solar
Wemen Solar Farm,Large scale Solar PV,VIC,VIC,Murray River,Existing,,Solar,Solar,Wemen Solar Farm,Wemen Solar Farm,Large scale Solar PV,Large scale Solar PV,Large scale Solar PV,Large scale Solar PV,Large scale Solar PV,Large scale Solar PV,Large scale Solar PV,Large scale Solar PV,Large scale Solar PV,,,All Large scale solar PV,All Large scale solar PV,,Wemen Solar Farm,Solar
Winton Solar Farm,Large scale Solar PV,VIC,VIC,Central North Vic,Existing,,Solar,Solar,Winton Solar Farm,Winton Solar Farm,Large scale Solar PV,Large scale Solar PV,Large scale Solar PV,Large scale Solar PV,Large scale Solar PV,Large scale Solar PV,Large scale Solar PV,Large scale Solar PV,Large scale Solar PV,,,All Large scale solar PV,All Large scale solar PV,,Winton Solar Farm,Solar
Wyalong Solar Farm,Large scale Solar PV,NSW,SNSW,,Existing,,Solar,Solar,Wyalong Solar Farm,Wyalong Solar Farm,Large scale Solar PV,Large scale Solar PV,Large scale Solar PV,Large scale Solar PV,Large scale Solar PV,Large scale Solar PV,Large scale Solar PV,Large scale Solar PV,Large scale Solar PV,,,All Large scale solar PV,All Large scale solar PV,,Wyalong Solar Farm,Solar
Yatpool Solar Farm,Large scale Solar PV,VIC,VIC,Murray River,Existing,,Solar,Solar,Yatpool Solar Farm,Yatpool Solar Farm,Large scale Solar PV,Large scale Solar PV,Large scale Solar PV,Large scale Solar PV,Large scale Solar PV,Large scale Solar PV,Large scale Solar PV,Large scale Solar PV,Large scale Solar PV,,,All Large scale solar PV,All Large scale solar PV,,Yatpool Solar Farm,Solar
Bango 973 Wind Farm,Wind,NSW,SNSW,,Existing,,Wind,Wind,Bango 973 Wind Farm,Bango 973 Wind Farm,Wind,Wind,Wind,Wind,Wind,Wind,Wind,Wind,Wind,,,All Wind,All Wind,,Bango 973 Wind Farm,Wind
Bango 999 Wind Farm,Wind,NSW,SNSW,,Existing,,Wind,Wind,Bango 999 Wind Farm,Bango 999 Wind Farm,Wind,Wind,Wind,Wind,Wind,Wind,Wind,Wind,Wind,,,All Wind,All Wind,,Bango 999 Wind Farm,Wind
Boco Rock Wind Farm,Wind,NSW,SNSW,Cooma-Monaro,Existing,,Wind,Wind,Boco Rock Wind Farm,Boco Rock Wind Farm,Wind,Wind,Wind,Wind,Wind,Wind,Wind,Wind,Wind,,,All Wind,All Wind,,Boco Rock Wind Farm,Wind
Bodangora Wind Farm,Wind,NSW,CNSW,Central-West Orana,Existing,,Wind,Wind,Bodangora Wind Farm,Bodangora Wind Farm,Wind,Wind,Wind,Wind,Wind,Wind,Wind,Wind,Wind,,,All Wind,All Wind,,Bodangora Wind Farm,Wind
Capital Wind Farm,Wind,NSW,SNSW,,Existing,,Wind,Wind,Capital Wind Farm,Capital Wind Farm,Wind,Wind,Wind,Wind,Wind,Wind,Wind,Wind,Wind,,,All Wind,All Wind,,Capital Wind Farm,Wind
Collector Wind Farm,Wind,NSW,SNSW,,Existing,,Wind,Wind,Collector Wind Farm,Collector Wind Farm,Wind,Wind,Wind,Wind,Wind,Wind,Wind,Wind,Wind,,,All Wind,All Wind,,Collector Wind Farm,Wind
Crookwell 2 Wind Farm,Wind,NSW,SNSW,,Existing,,Wind,Wind,Crookwell 2 Wind Farm,Crookwell 2 Wind Farm,Wind,Wind,Wind,Wind,Wind,Wind,Wind,Wind,Wind,,,All Wind,All Wind,,Crookwell 2 Wind Farm,Wind
Crudine Ridge Wind Farm,Wind,NSW,CNSW,,Existing,,Wind,Wind,Crudine Ridge Wind Farm,Crudine Ridge Wind Farm,Wind,Wind,Wind,Wind,Wind,Wind,Wind,Wind,Wind,,,All Wind,All Wind,,Crudine Ridge Wind Farm,Wind
Cullerin Range Wind Farm,Wind,NSW,SNSW,,Existing,,Wind,Wind,Cullerin Range Wind Farm,Cullerin Range Wind Farm,Wind,Wind,Wind,Wind,Wind,Wind,Wind,Wind,Wind,,,All Wind,All Wind,,Cullerin Range Wind Farm,Wind
Gullen Range Wind Farm,Wind,NSW,SNSW,,Existing,,Wind,Wind,Gullen Range Wind Farm,Gullen Range Wind Farm,Wind,Wind,Wind,Wind,Wind,Wind,Wind,Wind,Wind,,,All Wind,All Wind,,Gullen Range Wind Farm,Wind
Gullen Range Wind Farm 2,Wind,NSW,SNSW,,Existing,,Wind,Wind,Gullen Range Wind Farm 2,Gullen Range Wind Farm 2,Wind,Wind,Wind,Wind,Wind,Wind,Wind,Wind,Wind,,,All Wind,All Wind,,Gullen Range Wind Farm 2,Wind
Gunning Wind Farm,Wind,NSW,SNSW,,Existing,,Wind,Wind,Gunning Wind Farm,Gunning Wind Farm,Wind,Wind,Wind,Wind,Wind,Wind,Wind,Wind,Wind,,,All Wind,All Wind,,Gunning Wind Farm,Wind
Sapphire Wind Farm,Wind,NSW,NNSW,New England,Existing,,Wind,Wind,Sapphire Wind Farm,Sapphire Wind Farm,Wind,Wind,Wind,Wind,Wind,Wind,Wind,Wind,Wind,,,All Wind,All Wind,,Sapphire Wind Farm,Wind
Silverton Wind Farm,Wind,NSW,SNSW,Broken Hill,Existing,,Wind,Wind,Silverton Wind Farm,Silverton Wind Farm,Wind,Wind,Wind,Wind,Wind,Wind,Wind,Wind,Wind,,,All Wind,All Wind,,Silverton Wind Farm,Wind
Taralga Wind Farm,Wind,NSW,CNSW,,Existing,,Wind,Wind,Taralga Wind Farm,Taralga Wind Farm,Wind,Wind,Wind,Wind,Wind,Wind,Wind,Wind,Wind,,,All Wind,All Wind,,Taralga Wind Farm,Wind
White Rock Wind Farm - Stage 1,Wind,NSW,NNSW,New England,Existing,,Wind,Wind,White Rock Wind Farm - Stage 1,White Rock Wind Farm - Stage 1,Wind,Wind,Wind,Wind,Wind,Wind,Wind,Wind,Wind,,,All Wind,All Wind,,White Rock Wind Farm - Stage 1,Wind
Woodlawn Wind Farm,Wind,NSW,SNSW,,Existing,,Wind,Wind,Woodlawn Wind Farm,Woodlawn Wind Farm,Wind,Wind,Wind,Wind,Wind,Wind,Wind,Wind,Wind,,,All Wind,All Wind,,Woodlawn Wind Farm,Wind
Coopers Gap Wind Farm,Wind,QLD,SQ,Darling Downs,Existing,,Wind,Wind,Coopers Gap Wind Farm,Coopers Gap Wind Farm,Wind,Wind,Wind,Wind,Wind,Wind,Wind,Wind,Wind,,,All Wind,All Wind,,Coopers Gap Wind Farm,Wind
Kaban Green Power Hub - Wind Farm,Wind,QLD,NQ,Far North QLD,Existing,,Wind,Wind,Kaban Green Power Hub - Wind Farm,Kaban Green Power Hub - Wind Farm,Wind,Wind,Wind,Wind,Wind,Wind,Wind,Wind,Wind,,,All Wind,All Wind,,Kaban Green Power Hub - Wind Farm,Wind
Kennedy Energy Park Wind Farm,Wind,QLD,NQ,North Qld Clean Energy Hub,Existing,,Wind,Wind,Kennedy Energy Park Wind Farm,Kennedy Energy Park Wind Farm,Wind,Wind,Wind,Wind,Wind,Wind,Wind,Wind,Wind,,,All Wind,All Wind,,Kennedy Energy Park Wind Farm,Wind
Mount Emerald Wind Farm,Wind,QLD,NQ,Far North QLD,Existing,,Wind,Wind,Mount Emerald Wind Farm,Mount Emerald Wind Farm,Wind,Wind,Wind,Wind,Wind,Wind,Wind,Wind,Wind,,,All Wind,All Wind,,Mount Emerald Wind Farm,Wind
Canunda Wind Farm,Wind,SA,SESA,South East SA,Existing,,Wind,Wind,Canunda Wind Farm,Canunda Wind Farm,Wind,Wind,Wind,Wind,Wind,Wind,Wind,Wind,Wind,,,All Wind,All Wind,,Canunda Wind Farm,Wind
Cathedral Rocks Wind Farm,Wind,SA,CSA,Eastern Eyre Peninsula,Existing,,Wind,Wind,Cathedral Rocks Wind Farm,Cathedral Rocks Wind Farm,Wind,Wind,Wind,Wind,Wind,Wind,Wind,Wind,Wind,,,All Wind,All Wind,,Cathedral Rocks Wind Farm,Wind
Clements Gap Wind Farm,Wind,SA,CSA,Mid-North SA,Existing,,Wind,Wind,Clements Gap Wind Farm,Clements Gap Wind Farm,Wind,Wind,Wind,Wind,Wind,Wind,Wind,Wind,Wind,,,All Wind,All Wind,,Clements Gap Wind Farm,Wind
Hallett 4 North Brown Hill Wind Farm,Wind,SA,CSA,Mid-North SA,Existing,,Wind,Wind,Hallett 4 North Brown Hill Wind Farm,Hallett 4 North Brown Hill Wind Farm,Wind,Wind,Wind,Wind,Wind,Wind,Wind,Wind,Wind,,,All Wind,All Wind,,Hallett 4 North Brown Hill Wind Farm,Wind
Hallett 5 The Bluff Wind Farm,Wind,SA,CSA,Mid-North SA,Existing,,Wind,Wind,Hallett 5 The Bluff Wind Farm,Hallett 5 The Bluff Wind Farm,Wind,Wind,Wind,Wind,Wind,Wind,Wind,Wind,Wind,,,All Wind,All Wind,,Hallett 5 The Bluff Wind Farm,Wind
Hallett Stage 1 Brown Hill Wind Farm,Wind,SA,CSA,Mid-North SA,Existing,,Wind,Wind,Hallett Stage 1 Brown Hill Wind Farm,Hallett Stage 1 Brown Hill Wind Farm,Wind,Wind,Wind,Wind,Wind,Wind,Wind,Wind,Wind,,,All Wind,All Wind,,Hallett Stage 1 Brown Hill Wind Farm,Wind
Hallett Stage 2 Hallett Hill Wind Farm,Wind,SA,CSA,Mid-North SA,Existing,,Wind,Wind,Hallett Stage 2 Hallett Hill Wind Farm,Hallett Stage 2 Hallett Hill Wind Farm,Wind,Wind,Wind,Wind,Wind,Wind,Wind,Wind,Wind,,,All Wind,All Wind,,Hallett Stage 2 Hallett Hill Wind Farm,Wind
Hornsdale Wind Farm Stage 1,Wind,SA,CSA,Mid-North SA,Existing,,Wind,Wind,Hornsdale Wind Farm Stage 1,Hornsdale Wind Farm Stage 1,Wind,Wind,Wind,Wind,Wind,Wind,Wind,Wind,Wind,,,All Wind,All Wind,,Hornsdale Wind Farm Stage 1,Wind
Hornsdale Wind Farm Stage 2,Wind,SA,CSA,Mid-North SA,Existing,,Wind,Wind,Hornsdale Wind Farm Stage 2,Hornsdale Wind Farm Stage 2,Wind,Wind,Wind,Wind,Wind,Wind,Wind,Wind,Wind,,,All Wind,All Wind,,Hornsdale Wind Farm Stage 2,Wind
Hornsdale Wind Farm Stage 3,Wind,SA,CSA,Mid-North SA,Existing,,Wind,Wind,Hornsdale Wind Farm Stage 3,Hornsdale Wind Farm Stage 3,Wind,Wind,Wind,Wind,Wind,Wind,Wind,Wind,Wind,,,All Wind,All Wind,,Hornsdale Wind Farm Stage 3,Wind
Lake Bonney 1 Wind Farm,Wind,SA,SESA,South East SA,Existing,,Wind,Wind,Lake Bonney 1 Wind Farm,Lake Bonney 1 Wind Farm,Wind,Wind,Wind,Wind,Wind,Wind,Wind,Wind,Wind,,,All Wind,All Wind,,Lake Bonney 1 Wind Farm,Wind
Lake Bonney 2 Wind Farm,Wind,SA,SESA,South East SA,Existing,,Wind,Wind,Lake Bonney 2 Wind Farm,Lake Bonney 2 Wind Farm,Wind,Wind,Wind,Wind,Wind,Wind,Wind,Wind,Wind,,,All Wind,All Wind,,Lake Bonney 2 Wind Farm,Wind
Lake Bonney 3 Wind Farm,Wind,SA,SESA,South East SA,Existing,,Wind,Wind,Lake Bonney 3 Wind Farm,Lake Bonney 3 Wind Farm,Wind,Wind,Wind,Wind,Wind,Wind,Wind,Wind,Wind,,,All Wind,All Wind,,Lake Bonney 3 Wind Farm,Wind
Lincoln Gap Wind Farm - stage 1,Wind,SA,CSA,Northern SA,Existing,,Wind,Wind,Lincoln Gap Wind Farm - stage 1,Lincoln Gap Wind Farm - stage 1,Wind,Wind,Wind,Wind,Wind,Wind,Wind,Wind,Wind,,,All Wind,All Wind,,Lincoln Gap Wind Farm - stage 1,Wind
Lincoln Gap Wind Farm - stage 2,Wind,SA,CSA,Northern SA,Existing,,Wind,Wind,Lincoln Gap Wind Farm - stage 2,Lincoln Gap Wind Farm - stage 2,Wind,Wind,Wind,Wind,Wind,Wind,Wind,Wind,Wind,,,All Wind,All Wind,,Lincoln Gap Wind Farm - stage 2,Wind
Mount Millar Wind Farm,Wind,SA,CSA,Eastern Eyre Peninsula,Existing,,Wind,Wind,Mount Millar Wind Farm,Mount Millar Wind Farm,Wind,Wind,Wind,Wind,Wind,Wind,Wind,Wind,Wind,,,All Wind,All Wind,,Mount Millar Wind Farm,Wind
Port Augusta Renewable Energy Park - Wind,Wind,SA,CSA,Northern SA,Existing,,Wind,Wind,Port Augusta Renewable Energy Park - Wind,Port Augusta Renewable Energy Park - Wind,Wind,Wind,Wind,Wind,Wind,Wind,Wind,Wind,Wind,,,All Wind,All Wind,,Port Augusta Renewable Energy Park - Wind,Wind
Snowtown S2 Wind Farm,Wind,SA,CSA,Mid-North SA,Existing,,Wind,Wind,Snowtown S2 Wind Farm,Snowtown S2 Wind Farm,Wind,Wind,Wind,Wind,Wind,Wind,Wind,Wind,Wind,,,All Wind,All Wind,,Snowtown S2 Wind Farm,Wind
Snowtown Wind Farm,Wind,SA,CSA,Mid-North SA,Existing,,Wind,Wind,Snowtown Wind Farm,Snowtown Wind Farm,Wind,Wind,Wind,Wind,Wind,Wind,Wind,Wind,Wind,,,All Wind,All Wind,,Snowtown Wind Farm,Wind
Starfish Hill Wind Farm,Wind,SA,CSA,,Existing,,Wind,Wind,Starfish Hill Wind Farm,Starfish Hill Wind Farm,Wind,Wind,Wind,Wind,Wind,Wind,Wind,Wind,Wind,,,All Wind,All Wind,,Starfish Hill Wind Farm,Wind
Waterloo Wind Farm,Wind,SA,CSA,Mid-North SA,Existing,,Wind,Wind,Waterloo Wind Farm,Waterloo Wind Farm,Wind,Wind,Wind,Wind,Wind,Wind,Wind,Wind,Wind,,,All Wind,All Wind,,Waterloo Wind Farm,Wind
Wattle Point Wind Farm,Wind,SA,CSA,Yorke Peninsula,Existing,,Wind,Wind,Wattle Point Wind Farm,Wattle Point Wind Farm,Wind,Wind,Wind,Wind,Wind,Wind,Wind,Wind,Wind,,,All Wind,All Wind,,Wattle Point Wind Farm,Wind
Willogoleche Wind Farm,Wind,SA,CSA,Mid-North SA,Existing,,Wind,Wind,Willogoleche Wind Farm,Willogoleche Wind Farm,Wind,Wind,Wind,Wind,Wind,Wind,Wind,Wind,Wind,,,All Wind,All Wind,,Willogoleche Wind Farm,Wind
Cattle Hill Wind Farm,Wind,TAS,TAS,Central Highlands,Existing,,Wind,Wind,Cattle Hill Wind Farm,Cattle Hill Wind Farm,Wind,Wind,Wind,Wind,Wind,Wind,Wind,Wind,Wind,,,All Wind,All Wind,,Cattle Hill Wind Farm,Wind
Granville Harbour Wind Farm,Wind,TAS,TAS,North West Tasmania,Existing,,Wind,Wind,Granville Harbour Wind Farm,Granville Harbour Wind Farm,Wind,Wind,Wind,Wind,Wind,Wind,Wind,Wind,Wind,,,All Wind,All Wind,,Granville Harbour Wind Farm,Wind
Musselroe Wind Farm,Wind,TAS,TAS,,Existing,,Wind,Wind,Musselroe Wind Farm,Musselroe Wind Farm,Wind,Wind,Wind,Wind,Wind,Wind,Wind,Wind,Wind,,,All Wind,All Wind,,Musselroe Wind Farm,Wind
Woolnorth Wind Farm,Wind,TAS,TAS,,Existing,,Wind,Wind,Woolnorth Wind Farm,Woolnorth Wind Farm,Wind,Wind,Wind,Wind,Wind,Wind,Wind,Wind,Wind,,,All Wind,All Wind,,Woolnorth Wind Farm,Wind
Ararat Wind Farm,Wind,VIC,VIC,Western Victoria,Existing,,Wind,Wind,Ararat Wind Farm,Ararat Wind Farm,Wind,Wind,Wind,Wind,Wind,Wind,Wind,Wind,Wind,,,All Wind,All Wind,,Ararat Wind Farm,Wind
Bald Hills Wind Farm,Wind,VIC,VIC,,Existing,,Wind,Wind,Bald Hills Wind Farm,Bald Hills Wind Farm,Wind,Wind,Wind,Wind,Wind,Wind,Wind,Wind,Wind,,,All Wind,All Wind,,Bald Hills Wind Farm,Wind
Berrybank Wind Farm,Wind,VIC,VIC,South West Victoria,Existing,,Wind,Wind,Berrybank Wind Farm,Berrybank Wind Farm,Wind,Wind,Wind,Wind,Wind,Wind,Wind,Wind,Wind,,,All Wind,All Wind,,Berrybank Wind Farm,Wind
Bulgana Green Power Hub - Wind Farm,Wind,VIC,VIC,Western Victoria,Existing,,Wind,Wind,Bulgana Green Power Hub - Wind Farm,Bulgana Green Power Hub - Wind Farm,Wind,Wind,Wind,Wind,Wind,Wind,Wind,Wind,Wind,,,All Wind,All Wind,,Bulgana Green Power Hub - Wind Farm,Wind
Challicum Hills Wind Farm,Wind,VIC,VIC,Western Victoria,Existing,,Wind,Wind,Challicum Hills Wind Farm,Challicum Hills Wind Farm,Wind,Wind,Wind,Wind,Wind,Wind,Wind,Wind,Wind,,,All Wind,All Wind,,Challicum Hills Wind Farm,Wind
Cherry Tree Wind Farm,Wind,VIC,VIC,,Existing,,Wind,Wind,Cherry Tree Wind Farm,Cherry Tree Wind Farm,Wind,Wind,Wind,Wind,Wind,Wind,Wind,Wind,Wind,,,All Wind,All Wind,,Cherry Tree Wind Farm,Wind
Crowlands Wind Farm,Wind,VIC,VIC,Western Victoria,Existing,,Wind,Wind,Crowlands Wind Farm,Crowlands Wind Farm,Wind,Wind,Wind,Wind,Wind,Wind,Wind,Wind,Wind,,,All Wind,All Wind,,Crowlands Wind Farm,Wind
Dulacca Wind Farm,Wind,QLD,SQ,Darling Downs,Existing,,Wind,Wind,Dulacca Wind Farm,Dulacca Wind Farm,Wind,Wind,Wind,Wind,Wind,Wind,Wind,Wind,Wind,,,All Wind,All Wind,,Dulacca Wind Farm,Wind
Dundonnell Wind Farm,Wind,VIC,VIC,South West Victoria,Existing,,Wind,Wind,Dundonnell Wind Farm,Dundonnell Wind Farm,Wind,Wind,Wind,Wind,Wind,Wind,Wind,Wind,Wind,,,All Wind,All Wind,,Dundonnell Wind Farm,Wind
Elaine Wind Farm,Wind,VIC,VIC,Western Victoria,Existing,,Wind,Wind,Elaine Wind Farm,Elaine Wind Farm,Wind,Wind,Wind,Wind,Wind,Wind,Wind,Wind,Wind,,,All Wind,All Wind,,Elaine Wind Farm,Wind
Kiata Wind Farm,Wind,VIC,VIC,Western Victoria,Existing,,Wind,Wind,Kiata Wind Farm,Kiata Wind Farm,Wind,Wind,Wind,Wind,Wind,Wind,Wind,Wind,Wind,,,All Wind,All Wind,,Kiata Wind Farm,Wind
Macarthur Wind Farm,Wind,VIC,VIC,South West Victoria,Existing,,Wind,Wind,Macarthur Wind Farm,Macarthur Wind Farm,Wind,Wind,Wind,Wind,Wind,Wind,Wind,Wind,Wind,,,All Wind,All Wind,,Macarthur Wind Farm,Wind
Moorabool Wind Farm,Wind,VIC,VIC,Western Victoria,Existing,,Wind,Wind,Moorabool Wind Farm,Moorabool Wind Farm,Wind,Wind,Wind,Wind,Wind,Wind,Wind,Wind,Wind,,,All Wind,All Wind,,Moorabool Wind Farm,Wind
Mortlake South Wind Farm,Wind,VIC,VIC,South West Victoria,Existing,,Wind,Wind,Mortlake South Wind Farm,Mortlake South Wind Farm,Wind,Wind,Wind,Wind,Wind,Wind,Wind,Wind,Wind,,,All Wind,All Wind,,Mortlake South Wind Farm,Wind
Mortons Lane Wind Farm,Wind,VIC,VIC,South West Victoria,Existing,,Wind,Wind,Mortons Lane Wind Farm,Mortons Lane Wind Farm,Wind,Wind,Wind,Wind,Wind,Wind,Wind,Wind,Wind,,,All Wind,All Wind,,Mortons Lane Wind Farm,Wind
Mt Gellibrand Wind Farm,Wind,VIC,VIC,South West Victoria,Existing,,Wind,Wind,Mt Gellibrand Wind Farm,Mt Gellibrand Wind Farm,Wind,Wind,Wind,Wind,Wind,Wind,Wind,Wind,Wind,,,All Wind,All Wind,,Mt Gellibrand Wind Farm,Wind
Mt Mercer Wind Farm,Wind,VIC,VIC,Western Victoria,Existing,,Wind,Wind,Mt Mercer Wind Farm,Mt Mercer Wind Farm,Wind,Wind,Wind,Wind,Wind,Wind,Wind,Wind,Wind,,,All Wind,All Wind,,Mt Mercer Wind Farm,Wind
Murra Warra Wind Farm - stage 1,Wind,VIC,VIC,Western Victoria,Existing,,Wind,Wind,Murra Warra Wind Farm - stage 1,Murra Warra Wind Farm - stage 1,Wind,Wind,Wind,Wind,Wind,Wind,Wind,Wind,Wind,,,All Wind,All Wind,,Murra Warra Wind Farm - stage 1,Wind
Murra Warra Wind Farm - stage 2,Wind,VIC,VIC,Western Victoria,Existing,,Wind,Wind,Murra Warra Wind Farm - Stage 2,Murra Warra Wind Farm - Stage 2,Wind,Wind,Wind,Wind,Wind,Wind,Wind,Wind,Wind,,,All Wind,All Wind,,Murra Warra Wind Farm - stage 2,Wind
Oaklands Hill Wind Farm,Wind,VIC,VIC,South West Victoria,Existing,,Wind,Wind,Oaklands Hill Wind Farm,Oaklands Hill Wind Farm,Wind,Wind,Wind,Wind,Wind,Wind,Wind,Wind,Wind,,,All Wind,All Wind,,Oaklands Hill Wind Farm,Wind
Portland Wind Farm,Wind,VIC,VIC,South West Victoria,Existing,,Wind,Wind,Portland Wind Farm,Portland Wind Farm,Wind,Wind,Wind,Wind,Wind,Wind,Wind,Wind,Wind,,,All Wind,All Wind,,Portland Wind Farm,Wind
Salt Creek Wind Farm,Wind,VIC,VIC,South West Victoria,Existing,,Wind,Wind,Salt Creek Wind Farm,Salt Creek Wind Farm,Wind,Wind,Wind,Wind,Wind,Wind,Wind,Wind,Wind,,,All Wind,All Wind,,Salt Creek Wind Farm,Wind
Stockyard Hill Wind Farm,Wind,VIC,VIC,South West Victoria,Existing,,Wind,Wind,Stockyard Hill Wind Farm,Stockyard Hill Wind Farm,Wind,Wind,Wind,Wind,Wind,Wind,Wind,Wind,Wind,,,All Wind,All Wind,,Stockyard Hill Wind Farm,Wind
Waubra Wind Farm,Wind,VIC,VIC,Western Victoria,Existing,,Wind,Wind,Waubra Wind Farm,Waubra Wind Farm,Wind,Wind,Wind,Wind,Wind,Wind,Wind,Wind,Wind,,,All Wind,All Wind,,Waubra Wind Farm,Wind
Yaloak South Wind Farm,Wind,VIC,VIC,Western Victoria,Existing,,Wind,Wind,Yaloak South Wind Farm,Yaloak South Wind Farm,Wind,Wind,Wind,Wind,Wind,Wind,Wind,Wind,Wind,,,All Wind,All Wind,,Yaloak South Wind Farm,Wind
Yambuk Wind Farm,Wind,VIC,VIC,South West Victoria,Existing,,Wind,Wind,Yambuk Wind Farm,Yambuk Wind Farm,Wind,Wind,Wind,Wind,Wind,Wind,Wind,Wind,Wind,,,All Wind,All Wind,,Yambuk Wind Farm,Wind
Yendon Wind Farm,Wind,VIC,VIC,Western Victoria,Existing,,Wind,Wind,Yendon Wind Farm,Yendon Wind Farm,Wind,Wind,Wind,Wind,Wind,Wind,Wind,Wind,Wind,,,All Wind,All Wind,,Yendon Wind Farm,Wind
